,0
0,pro6A0WiClI
1,gjq9KGohsj4
2,mi7UUz77QCo
3,QkauPIYqrBs
4,IgXvsiSFAqE
5,Mx2kYVNf_Hs
6,epkMENtxm-s
7,uPZ_ZpYWlPo
8,C9cEsD6OKE0
9,-1coQPPJ2E0
10,kojaNTLKmMc
11,gsHdHQM0Oy4
12,N_y2tP9of8A
13,nMU6cagQBtU
14,cNbXLIYhMbI
15,27EF4DTnuCM
16,MGd1AfjBp-Y
17,WZDrm5j_xCc
18,iJrLgjFoYxg
19,oA_meauddjo
20,XNPYOccrMz0
21,KRJHLfwbSxU
22,TrkVeS_nukk
23,TyROgJJ39wg
24,vvaLvKFh6M8
25,SDcaNk734WU
26,yyTx0cbLZjI
27,34hkMk_rYWE
28,eP3nK8iSBaY
29,MfLSOjAQsu8
30,kGn_6pyykO0
31,zskhDr2sJgs
32,rkK8VD4Xyo0
33,dskiavdC5X0
34,ehssHN6f_gI
35,JyYl0oBNlR4
36,awTx1t1rINQ
37,g16r24r1mNc
38,r73Dj9iIQHY
39,vweH5AtxeQI
40,Qx8pX9lZCNI
41,zGTLOb8jh_A
42,Qr4oJpq1D3k
43,p1fNoIH5Yls
44,kxHXK2LoEn8
45,fJ5HkzOP7eI
46,ifXL7RxTZgk
47,TYu3H8Kg3ls
48,8XB6AYfyw0M
49,Q864muiPU6Y
50,-o4E8i8G_Nw
51,dZZ_bQmJPlA
52,cmgvuoyfzeM
53,PC98EpueiV8
54,Yy1Tz84ZEFM
55,gA9ytAOv04o
56,tx1wemOOiwo
57,KxbDgDnjbFc
58,mSr8WTH3Sos
59,WnFZjYb0lKo
60,Oe7vEtyEqsc
61,-dB5vEU928Y
62,bjWvI2jaFq8
63,O5GlrV2teCU
64,W10gzZNxyMo
65,e5BpTgQiBCE
66,p7ShC0_hcmU
67,TZrPhXli4SU
68,JkdPBTxymX4
69,CU7z5g2NJMk
70,3nJVxfpjzTE
71,SYkkALmATjc
72,QJfjhipfy2A
73,XEkB4Lw_TFc
74,nF5Rh2qApcM
75,SCBb0hNT27k
76,iZ-cpaRKShA
77,otcZMrWQKSE
78,Ev3HoQkJVVI
79,YaTjSz9j-Kk
80,vRGw7dFOsXI
81,k9h39xBZsFI
82,IlPx6bFsrTU
83,Jskq_kJkXVk
84,7rOHE9gg2tk
85,ZW8-BTgQaQ8
86,0Qstk6eEp7E
87,Hhe93vRCFSQ
88,YTxssMCmJ58
89,u7TRsQehlBU
90,vtK-SLcxhug
91,9aoYppPF2u4
92,x22322FpEdw
93,m_7KMAGDk9E
94,nF_xnpBwKw8
95,UbtL5gQv7KE
96,QlPkpw13Djk
97,ijvoc0h5fCU
98,z-OcOcC1mk8
99,iw-QdLPpGXY
100,NxdSmEGYwrM
101,H-Yf7SfefsU
102,HUWpwH_Yn4I
103,zJImRG5bYDA
104,Nv5KkAa4E7U
105,FOgzgaGnbH8
