,video_id,cluster
0,qtlUwwtvuEg,0
1,QaoDXYYtgK0,-1
2,PqDwddEHswU,3
3,B-Y7rnOa43w,1
4,vyit-1zKsZ4,0
5,MWNqE4z2C34,0
6,SWeQO2SEOmQ,2
7,pRC4M5Na3jM,2
8,ax-3m4GSa1c,-1
9,_8fDMmnDyYQ,2
10,GyGp98vvEqA,4
11,aC-EfNvuznc,2
12,jnnj6Fd2ym0,-1
13,MH4yvtgAR-4,-1
14,Q3BUcYuC7l0,3
15,7eveKBGUAfk,0
16,XbpRj6CTET0,3
17,2r_551Fmplo,4
18,7uLzGRlXXDw,0
19,dMVLd5URpvs,-1
20,NqDDk_Tcro8,0
21,KVJDmujRpCM,5
22,zEoXnEqChHQ,4
23,SgE6D--y_3o,-1
24,gsqCpz5pkJI,2
25,Bi7f1JSSlh8,-1
26,JDFYAXsLCW0,2
27,X591qpFytM8,-1
28,ixfAdv9sL30,-1
29,BJ6kyj-st9k,1
30,ZhzatOlPXmA,3
31,gNkFVws3JMo,6
32,-v123Dqwrxs,2
33,IbDfTLOYZM0,-1
34,uyLEICmajKc,4
35,sw3o0rAazMg,5
36,pjgfffzvbUg,7
37,V5uEaqCppoU,3
38,alQSl1vaaBM,4
39,Hng5AYco6fo,0
40,r31jnE7pR-g,3
41,c-qwISJGebI,1
42,1QPr59OUZ5I,3
43,TUCnsS72Q9s,-1
44,kmeaG_BQZ7M,0
45,W94XoWC-MT8,4
46,vx6SOaqg15w,3
47,UD7xWjsFjbY,-1
48,1wo2NG51y8I,4
49,0CqyPmLw8X4,2
50,DbNejXrDz9U,-1
51,EFXsGviDHQ4,4
52,_omzaPcvQVQ,8
53,erFxR8DNu_Q,-1
54,QVg37-m4Ia4,1
55,LUnZXBL_lqA,3
56,xwrFHpI0ZvY,-1
57,-5zUVOl_Km0,0
58,fxYtAtIq8rY,0
59,v6OB80Vt1Dk,-1
60,xyePzzzHdP0,3
61,epmJBWzqK7I,9
62,PBnKDvvqOdg,4
63,aFEfJql9wyI,3
64,zFO8_dLo8Oo,-1
65,nJFnzPjEPdQ,-1
66,BK07WUEMvPk,-1
67,LK5j3pp0Too,-1
68,xLkk6MUrvrw,0
69,xW1jg1UiVwo,3
70,Pjg3p6DFmlc,-1
71,lDNj6GDc6jM,-1
72,K5De4kTrzOI,2
73,M9a0XrkdBf4,0
74,-UoEHJzj6k4,-1
75,JkvSlappkJc,-1
76,vJgGESZMhrw,1
77,s1qZbsytk08,-1
78,yivMSWmzMDg,0
79,Jct87kQHMm4,4
80,rhLcX0Pf4Y0,3
81,vpOLiDyhNUA,0
82,2_8kgV-EfTA,-1
83,e7CiS7EBHiA,3
84,V6DyqkIHQXE,2
85,wpKdOt3yIK8,-1
86,Gh_OLAjqAVg,0
87,O6oa2kQxvRs,3
88,CNez5nVii5w,-1
89,F4UMwbofoAo,4
90,cwFENWpeWEM,10
91,spLjYlxzCwk,1
92,wQ8BIBpya2k,-1
93,ca0BZWVzV-w,11
94,sicTn3mNiv8,4
95,qS3Ytc6v7IQ,-1
96,DAFljjxmyZw,0
97,i-2GDoVGV_8,3
98,6fwhbzcUM38,4
99,3qRJfUv7W_Y,0
100,qFM1dXFAtJ8,3
101,UHdrxHPRBng,5
102,qmDGjEEq0VU,3
103,L4rpc7AmfQk,-1
104,-qT8fJTP3Ks,1
105,5kys35PPUZo,12
106,vq2nnJ4g6N0,-1
107,QzY57FaENXg,3
108,cE-Ej1ycXtk,-1
109,lvhryaU5njg,22
110,3kMDQWhc77M,3
111,sMhcifjF1yw,2
112,Z27llwBA0Uw,0
113,81J2AUJT4G0,13
114,R-1rN2CHdVU,-1
115,qetKUFDDF4A,-1
116,htjRUL3neMg,1
117,lA8jzurgRrU,-1
118,iSTlKTRPVCk,-1
119,ziPyS-_uetk,2
120,lAfFTQEUs94,-1
121,MJBM4kJ5y6A,4
122,yw24Ahik7No,1
123,wlIKCJZEImw,5
124,96-u9s6D16k,0
125,kQup6VrPho0,3
126,O59lRcwS5B4,5
127,CUgVEXzoPkI,3
128,AhiDo_4yGwU,13
129,Rq6KOk2CggY,13
130,oV4v1DnT4cA,14
131,NTHpnH3Cewk,3
132,VVc9cGRz1S8,3
133,vqLEggSF_Ks,4
134,LeJkB_Moejs,1
135,2OfZYCJPx8Q,3
136,pofCzeMWxwI,-1
137,x20Kk6G0QkU,4
138,5z04IuV_WD8,3
139,LO3K_AIn65A,2
140,lw616xy2IrE,2
141,GboOXAjGevA,3
142,E9_4z1-vLIs,10
143,kheY3VXmbhQ,2
144,0j1VcoAld0I,-1
145,P3vlxX1dH3k,1
146,B8LT-2JhrRE,0
147,6Ww9QHfiCAg,3
148,Wab5f3bKR24,-1
149,pZb4bY5Vcio,3
150,t783Q4PrcJo,3
151,ob12tZXPJ0w,-1
152,xRo4R-c_VFk,4
153,NSFY8_gxGvk,-1
154,WpIQdR74fWo,-1
155,uQ8-N28livE,-1
156,DkbQzMJ4tMk,0
157,cSSYPjGu6mk,3
158,DooxDIRAkPA,-1
159,u8nBYqTGQ0s,3
160,4iTh-rRYeBY,3
161,oayT6OhEa1E,4
162,ovhKeIhcOCU,3
163,nASDYRkbQIY,3
164,YwE6DINJsgY,14
165,R-8xuDpozY8,3
166,1NTgvQ-PqoU,3
167,VQ4gsqYBv1s,0
168,_1XnKeRBBi4,4
169,GK10ULKDW9g,14
170,rv6hECykco0,-1
171,QiTkYn7OyAQ,2
172,n98pVZNIkBw,3
173,FbVxbw0A5Bw,2
174,FTmbK84ameQ,-1
175,IuT8cDD-pHg,4
176,ht6fLrar91U,3
177,ol6xaa8jedw,0
178,YLQVB6rtaiw,15
179,rq4T80sBnXk,0
180,bGxre-RsF6M,14
181,EzbFJIQpkoc,3
182,ilLDSQwzEuM,0
183,JImT4CsITao,5
184,f_uwKZIAeM0,-1
185,ZxCBEkSDx3g,4
186,5d92tBkGI3s,3
187,oeEmUFoOgmM,2
188,00Om_riDR7E,1
189,NWONeJKn6kc,-1
190,QizsAE4fBpQ,3
191,MhCHrvfAXlc,0
192,UNAu-gNSqsM,-1
193,MJ8Gj-8KbTA,2
194,MZmNxvLDdV0,0
195,rhrNIieJ6dE,-1
196,q6j6FWr07Io,-1
197,hYiaXe7kQS0,3
198,51SYxsZZeZE,2
199,Txe6QqwKsfw,2
200,TKUIMUwZWJ8,-1
201,eUMCDUXsgQ4,0
202,lXuQKoQCtOc,3
203,j60J1cGINX4,-1
204,B_R4xZpfSV8,-1
205,6Xt6L1I5jSc,0
206,MEiosP87aJM,-1
207,VOaoabf3LPM,-1
208,PhrCO2dYAnM,-1
209,957fQCm5aDo,0
210,g6-CKbx6FfI,1
211,R3YFxF0n8n8,-1
212,U8o8T83a0ME,-1
213,JuJjiSBnIfg,-1
214,S-zB-pgS0ks,13
215,kaMgO8zLOow,1
216,LcWFedjaR4Q,-1
217,ad79nYk2keg,-1
218,cutp6Jc_8GM,4
219,7FKJSX0fABg,3
220,xqbHczUVhcU,3
221,AuvVHAPX2R8,-1
222,AONZoaWC9v4,-1
223,KqAcT5KpAmI,3
224,RVok6bu3Rts,2
225,kItMmPGb6qk,11
226,rZn_W7hJ9m8,4
227,GDCnydDWRnM,1
228,Q1d5aiBFNpM,-1
229,s0dMTAQM4cw,-1
230,Tl3rlLK6qiQ,3
231,qU4iXA6VmvE,-1
232,R_uXFOcu_HA,4
233,n_ag1-KXWjI,-1
234,hdKTP2cKAEk,-1
235,WaO7n3QDZH4,13
236,oN9Es94C5TE,10
237,_yTvek_b2Io,3
238,IJKjMIU55pE,-1
239,1gJQ6GegzLc,2
240,xoVJKj8lcNQ,-1
241,-PskaxUWZ-w,3
242,tVVr4wp03Hg,8
243,144uOfr4SYA,-1
244,8Erq3b7chrk,3
245,2BulrgK--_8,19
246,U8Rm1eZpGNQ,25
247,ZUqB-luawZg,1
248,YJMGo-1QH5k,0
249,hvUEfDnA0qg,2
250,T_lA80OdST8,0
251,d6ZpJ_DE2ag,1
252,ua1B-vXDLAA,4
253,3bSVKNKb_PY,3
254,gRCY7yVahJM,0
255,djXyYzqROP0,4
256,cpgvRFNAyks,-1
257,WKEuZ91VNCU,3
258,HV-ckR5ipwY,3
259,QyyWsr1NMt8,-1
260,AMMZfMVES3Q,2
261,5-Q0boiEqFM,16
262,JgainmuuB84,4
263,TbbEVA2qS4c,-1
264,taMP_n3wL7M,-1
265,anW5W67OEME,0
266,rmMLItPM9EY,1
267,vSfRaH-Tug4,0
268,19I-G0FLIN0,-1
269,LIBk6R97G-A,2
270,mFMNmyZv86k,0
271,5CxZbKr4ifI,4
272,1zBYwwyX460,-1
273,tJQSyzBUAew,4
274,-zJkdIQbirk,3
275,CJfck0wvaz8,-1
276,ZjkWoWf8d7c,3
277,emARlYbZIHI,4
278,ssAe9yyD92M,4
279,TEnNmdRW2W0,3
280,-ePZ7OdY-Dw,-1
281,_1d7PD5aj2s,3
282,1Y9bwzvTqtY,3
283,yUa9GNzjNro,-1
284,saNiKk06f1Y,0
285,M3ZWfamWrBM,-1
286,xucm6_BQPJU,0
287,3Ek2bEbcZyQ,4
288,K79EZnTyxl4,3
289,mvkrKwnxgLc,2
290,5MLBRMHExsI,4
291,X_uAqYVK6xY,-1
292,L-b2LgM1wdo,4
293,TsHvBr0Cw0M,0
294,3GLOh8rR2RY,-1
295,R057d0fBJM4,2
296,VyWAvY2CF9c,-1
297,aGwYtUzMQUk,3
298,5QMoNBsR5mM,-1
299,hW5l_jS3ElM,9
300,TwFGbMyhM1c,-1
301,etMrFF_JKLI,5
302,LsnLN1XTTIk,2
303,Msk8ux5Ex0s,3
304,i_LwzRVP7bg,-1
305,GR1RAMfov1U,3
306,IHZwWFHWa-w,-1
307,n3aJzBYA1tY,-1
308,hQJvatNj6hg,2
309,l6Gmh0DzDWs,4
310,EL2woThmPWM,0
311,vPoglMjsBeo,1
312,IjyZc4FLaPU,3
313,OKcy1SJHauw,0
314,_1uBf1m-11k,-1
315,qWSFcRXpjxQ,3
316,SdMzM-KmZz4,3
317,PrGQntVIEM4,0
318,PATxJ-wwcUY,-1
319,Vm3qR8GhvAY,17
320,NA4YnGtdF0A,6
321,GQRq_iowe70,3
322,oxZADyo-xWc,0
323,-fJ_NXedTvA,4
324,uleFe6dpUvc,-1
325,cifem62_R10,3
326,ZPqBa-7T3DY,3
327,MOWX2z4ZbGk,4
328,owsAQ_fiwIw,0
329,ZIvTD3eAz8M,4
330,S4htyHAujTw,3
331,DIKQOeYb4mI,3
332,I5xsDMJMdwo,1
333,lapi13J9UZA,1
334,wruyZWre2sM,0
335,RbSnPMbaBjg,-1
336,lxP_6xhClAo,3
337,oXpJzbXnB4A,0
338,zulGMYg0v6U,0
339,mccsmoh2_3c,0
340,uwNeIuns-UE,0
341,fXIHmSQvUvo,0
342,NxXqF23i2rU,4
343,MjxARo2gN4M,3
344,hPrn6Smepbk,2
345,hLet5dIb7ic,-1
346,EzE39NTk9Wo,13
347,wtolixa9XTg,2
348,H4OBs3cwfAc,4
349,0Hg7XhbXuac,-1
350,b4aE9gWpr0A,4
351,0BEsyjpI4q8,3
352,ge_-o0RfrgM,7
353,RwR8QttwPVU,2
354,J7d9gevXEus,0
355,9MbT1F_0ge4,-1
356,6IYrOPCEdH4,0
357,NxTzxE5VFKg,0
358,D2JY38VShxI,1
359,n1uj9-zyEbQ,3
360,mzS3YPLJNnE,3
361,dNQp-L2jw6w,3
362,dDUObzNPXC8,2
363,0fWKCDGMs80,-1
364,sGo8LmY_lXY,-1
365,iIkJrwVUl1c,-1
366,pgQVAxtUqWw,3
367,wkGirJ91SFg,3
368,e9aseCYvKBs,3
369,lVGDwRNH48k,4
370,NoMpupqag2Y,5
371,bxK3MfoEkNI,2
372,duzLJn8bzFM,0
373,XRN75-0WZRA,2
374,UfxIilpKkoE,4
375,5XnNom5YUk4,0
376,V1-BGUrWs98,-1
377,a8JDVDh0G-I,1
378,8UxT23ywTFA,-1
379,2aXm5h8lenQ,0
380,LQ-lYJBDPC8,3
381,UThpehDG7EE,2
382,64gbU0KBPK4,-1
383,sJXn4Cl4oww,-1
384,MyvOfDFZvgE,0
385,AB8DGFuQvn8,3
386,eRXqD-7FANg,-1
387,M7WdWtlb_3E,1
388,3iVRr_lWM-8,13
389,eaKc9Z7P3ng,3
390,bfmFfD2RIcg,-1
391,U7TH6-SAho8,-1
392,VNYS404znrw,3
393,4cZUH_xW2jc,3
394,dMWd-jX1Gag,0
395,p0dKVtAcrZM,3
396,Wf8mTmPdK8c,4
397,9A9lDqgS224,4
398,WujkSDfzEoY,3
399,6Hm1pNqQxq0,-1
400,9IYkMiYhpX4,3
401,C1Dt4gVW_Mk,4
402,NIKU0S1kxP8,15
403,hxT3lgQAL0g,1
404,6CEa9B1p8z8,-1
405,lfjrdtDyHe0,14
406,hecQchiwUy8,2
407,X5n8IigmZ7o,2
408,gJFH_eEJC64,2
409,HePaUUxJrLg,3
410,UQJmvObJJl0,-1
411,6TcEN77b9-I,-1
412,dTq3y43-N0k,3
413,DNRPFFnigv8,-1
414,0p0o5cmgLdE,1
415,bxoWgMjhmR0,0
416,mw7m-TUcnqw,3
417,WSbgixdC9g8,-1
418,gzdS4c4IyYw,2
419,Tzb_CSRO-0g,-1
420,eXdVDhOGqoE,-1
421,FKN5DSKzCPc,3
422,FHlU_ankbCo,16
423,iu9hAw9PCW8,9
424,BqokGCf1_jA,3
425,8duf31d6oyY,-1
426,NXUyqA1UqYI,2
427,ODq_c3YyU9Y,0
428,yHXatUO6h28,2
429,XV2XPZjgyms,4
430,-bRMENGVmhs,2
431,oZQ5QL649eI,4
432,jFBpoLdkcMo,0
433,NLJtHDi9EWs,-1
434,wlNJiBWklzg,-1
435,gqXTs-1ZEfg,-1
436,7O60HOZRLng,-1
437,kQl45ophSVQ,2
438,1Gx1y2boe_M,0
439,zNxw5gJtHLc,4
440,9dTzuAlxOLY,2
441,4H1CQ7Dmt7Q,2
442,4RixMPF4xis,-1
443,XjctB-Hq1qE,3
444,iwlZA0-p9Xs,3
445,6N31dR3a4zw,3
446,wbJQTtjlM_w,-1
447,qnMk5NCXHiE,3
448,LdloXqgeHCM,13
449,Mya8JaD3Duw,1
450,O62Sm-C7ANc,16
451,UdsfJ2HCSJY,1
452,8vrPpQX42Zs,3
453,KjvQqgMYQeI,-1
454,ctnPglvhJVU,4
455,1c3vnmA2OgY,3
456,8nV6w21K5cM,3
457,JLfjG_BnM_s,3
458,Hp6Zr5OjZno,4
459,7e0OY9crUWo,3
460,GUgVYMQpro0,0
461,sVJmF5cEsc8,3
462,ehOgzmaVpw4,-1
463,xtTyEoJ31Vg,0
464,RfDVxZkhhL4,-1
465,vGzq7nb4MYc,13
466,uPB9RAiu3r8,17
467,4MKAf6YX_7M,-1
468,HgnJwDnhlnE,2
469,jMJafp6idIA,3
470,vNc2z2u_nh0,0
471,aoCIoumbWQY,0
472,fcBZxIA5ARs,4
473,5vFfv1Y5wog,0
474,uIcsM4_EgdY,3
475,kbAbh-jvpJg,-1
476,GRRQWKPL4d8,3
477,cWTWHhMAu7I,-1
478,VAHoryyJPaA,0
479,4MoSrMkWovM,-1
480,oJC03_t-loo,0
481,7wznuB0sKlw,1
482,qMnbuUgcvtA,4
483,_LJqDmljw94,4
484,wUIQVzw0xS4,0
485,JUv83tBaOps,-1
486,MSBY28IJ47U,0
487,SABX6YggDTU,0
488,j1E-GFXAKwg,3
489,tLaLfaIJf-Y,-1
490,oSdPmxRCWws,-1
491,WCEcbf8raB0,-1
492,JMLsHI8aV0g,-1
493,cW9shEB8h5E,0
494,C_Szux1e7TM,3
495,u0oTLNmXINE,-1
496,3cF-bTHtpzs,4
497,XxPG3eRKWb0,2
498,wTneC-QiZfo,4
499,95KhuSbYJGE,-1
500,v_336X798aU,0
501,Gc7EMIHoXs0,3
502,qkXQ65MF1ls,3
503,O5xeyoRL95U,-1
504,DSSKwgfwnxQ,5
505,Fn4xjZQFCmE,3
506,5Mem2iSWvOw,3
507,mYJhexvVx3c,3
508,u9notWWJoXU,-1
509,D9-UGlvWbaA,0
510,1L0TKZQcUtA,-1
511,kO61XbNa1P0,0
512,J4RqCSD--Dg,0
513,2KMk1lJGPlk,-1
514,OgeWMMVNZhw,3
515,On5WUCUNmfc,-1
516,gV0_raKR2UQ,-1
517,FY1I9qsUQCo,-1
518,EaYJqk4CmEc,4
519,DqH_4uJ2BOI,-1
520,WhkEy6t15eY,3
521,Ebb4gUI2IpQ,1
522,f-JCCOHwx1c,0
523,pDCgdg2gJJ4,3
524,po_iH7P5gyA,4
525,BLXZsBd1cDs,-1
526,bK_DBPcn3JQ,-1
527,WPpnCpJPHFE,1
528,1PyGSYdPTqc,13
529,DYvMsG2S-9I,4
530,vlCX7TVD3ao,3
531,Cum2GYNQgoU,4
532,8fCqkJkxruU,-1
533,14o1r0UNkpI,4
534,hV9pYpE80_4,0
535,fNFV9eo8HvY,2
536,uMzUB89uSxU,0
537,IJyrSbZf0Ng,15
538,h2rAjChdRhQ,0
539,hecPbWFM0tg,2
540,SY95FCiOWAk,-1
541,rDpcm_SuaYI,3
542,5lUSEBc6vbo,18
543,t8JRidxZCXU,-1
544,gL8_6JgW9sg,0
545,y5swZ2Q_lBw,0
546,nkakQ4_ouKE,0
547,gq0dWT1JpHs,1
548,kg3LNcqAMyg,-1
549,fGkMUf7EzBw,2
550,nCBuK9g4fws,3
551,6132hSD6FB4,2
552,UP_BWc4jFOY,4
553,r7j_OSJ5mtI,3
554,Ci746sgxf10,0
555,NgaW_p7gsRc,-1
556,qYR_KXXZm7k,2
557,70uGGw4RUH8,2
558,v3kZjPAmZ_w,2
559,mexN6d8QF9o,-1
560,ElFFg43UsQQ,3
561,J8XNAxoZcwM,0
562,JnQiLQuua9Y,1
563,M3ZrNvSffeM,4
564,dIBKfu-8Ass,3
565,1EBUsAEqhzI,3
566,jGwO_UgTS7I,-1
567,5FoGkkWf8w4,3
568,92oBTG49k80,3
569,bvZX7pdoxYY,0
570,c6r3uXCsFhY,2
571,AT8JCkJH9pY,-1
572,iVbhIesONYc,3
573,zQtAS5IymNU,3
574,l42lr8AlrHk,-1
575,HHldyefpWaE,-1
576,VbVPF57nne8,3
577,BNOMuQuk7tE,3
578,Ic_XnjabIMI,0
579,DP0TKM0S2-8,0
580,O5Zu19-tjY8,7
581,PWWO0YujJ6A,24
582,yg8-MGHdDCY,3
583,O6wSn3-t6-k,3
584,DRQi3TUmYDw,0
585,rjv_wDOblfc,6
586,NBxSlUFOloU,-1
587,G7taJ-yD5EY,0
588,y39OlGrVFD8,-1
589,dQybcVofidU,2
590,Rl_Xvf1jXRQ,2
591,tpCFfeUEGs8,-1
592,eUyQHt98sIY,4
593,SQxgvEHf4v4,3
594,qYD68F0yQSA,0
595,b6whCiWFI-g,2
596,_mMPAjSEIEs,-1
597,ztFTd_67w2o,5
598,4M3nTc6vIfk,-1
599,FMwg-MZVFiw,-1
600,U8O9FO0ico0,3
601,XKA78iFdKvU,-1
602,Tqm1hEW5zlU,1
603,UGHzKaAOOcA,-1
604,X6TGEMhjWGg,-1
605,Eg25OnvTxBY,0
606,bPpwZxasJo0,0
607,reUZRyXxUs4,-1
608,EIZyJj1czic,3
609,ZGetnk222YU,-1
610,U4t1qFteDjs,0
611,PtXITDqLMmg,13
612,LSHZ_b05W7o,-1
613,xr5LeWKbVnY,-1
614,hbD2Ftj1aAk,0
615,W7PsoM9bWYs,-1
616,0VH1Lim8gL8,-1
617,SFcHsK2SWrI,7
618,3tI_4QzyhE8,-1
619,cy1PwEW6wEk,2
620,RquoLaj-Wd0,0
621,kX4oTF-2_kM,-1
622,CvqVZ8v1gGA,1
623,XcL3No598uA,4
624,YFScYAFfJEw,4
625,2il446EZy3g,3
626,qvkcRC8a4EI,4
627,dX04-7wYJsE,5
628,fn0IxCf7ZNg,2
629,d7pWkxGqQBA,-1
630,5NgNicANyqM,-1
631,55H-JEMGj3w,-1
632,M-nRtdMan68,2
633,0VEH518M_70,3
634,EUHyUvGzmkw,14
635,XnmNNxBvbWc,3
636,yFI_77tytSg,3
637,XyeZFo1d5aY,3
638,Cuiqo5XWwzY,-1
639,Lhyp-pNsPdk,4
640,fQN-Rxlc28A,13
641,mV4wv8n94c4,0
642,RakR4O6PQVs,-1
643,7QY0rA_ySoc,3
644,SJE5wzPmIj4,-1
645,V-IFiagj388,4
646,38SUUaMX5Rg,0
647,rwqUJQS6mxs,2
648,78aIx9o-_fM,4
649,qQKu3p-e5RU,3
650,blU8MwhN9II,-1
651,bXI7mfY9RyM,-1
652,5NCPcBeALI4,0
653,IYE_5MHKg6A,3
654,QeEh9mcxxRE,-1
655,_38XDdXA7B8,3
656,JMUxmLyrhSk,-1
657,tvAh0JZF2YE,0
658,fJ40w_2h8kk,4
659,14NTliAndlw,-1
660,16E4-rNSBXY,4
661,upma2vFCB9g,-1
662,tRq3wjSJU8M,-1
663,q_tcg9XLsPI,3
664,pmyp7_isrYE,-1
665,I-aLMhRwfL0,2
666,5Qqn4OSuK_M,-1
667,N8bXmg19iGk,3
668,XysIwOvxNtU,4
669,xi2XLMB4I8E,4
670,jWGkW9yZjtM,2
671,Mwdiga6T1BE,2
672,DWsXtv3hmVo,4
673,2ksdfxzWR1c,3
674,zC8jkmlCDCU,0
675,sJKmcd8fjAE,0
676,rXyR0_gGFOM,-1
677,b4C3OI926lI,-1
678,9yuMxyKcrGE,-1
679,O2LYcNvaGOM,10
680,tVtQT5OP5y0,2
681,V_-CUtph_Aw,-1
682,2xATEwcRpy8,15
683,_V4D8Wd3_rE,4
684,pecVKZCdwpA,-1
685,ZxJjPj1UpQU,2
686,B6FPhfFPQpw,5
687,RoMrbY8pZT0,13
688,m2iobHZmM4s,0
689,CqOfi41LfDw,-1
690,5Viy3Cu3DLk,-1
691,ZSQ5LIHGWJ0,-1
692,Kk2NmEAAmwU,3
693,YP9kodLGvT8,-1
694,pYA6s4Dqzbw,3
695,8rXD5-xhemo,-1
696,BCd7J9JRcIU,3
697,LhqjTyGj7lk,0
698,hBKcL8fNZ18,1
699,PMwwovoQiEQ,1
700,MIAN0WGkTyY,-1
701,ji93Lo6wYnk,-1
702,2m7Pgl-84F8,0
703,8eSvDi73uLU,14
704,rb0Zs_jfYvU,-1
705,LFMCLUYRBZs,10
706,eCCN-BVyCz0,0
707,Le4RVII-TUU,1
708,qpoGoI742gA,-1
709,LqEZvAZiLM4,2
710,O7lfuc_4KAI,3
711,edFonw8ZGWU,4
712,gRLGE54CHhI,0
713,PEYBCsPM0hk,1
714,7hpV4Ad9mKk,2
715,emh7udx-8_4,13
716,MQur0baiG3o,-1
717,uvqDTbusdUU,-1
718,PaGyt-0LsW0,4
719,K85eGQTospA,-1
720,HVM-8amMGqE,13
721,w1a-c3UR0xo,4
722,UZ_Gj3Qon2M,-1
723,cplucNW70II,-1
724,HGXlFG_Rz4E,0
725,VBceREwF7SA,-1
726,NqHKr9CGWJ0,4
727,IzBie0-gRDI,2
728,PbeVkLCf0ts,-1
729,dYZBLjLg0pM,17
730,bbdsQoVbxkg,1
731,JZRJCs0PSgU,-1
732,ygce3zHlIN4,-1
733,zUJ8u9k0FzA,0
734,d9nP05RTu4Q,-1
735,ICCA3-7a5bw,0
736,2osIZ-dSPGE,0
737,RYIjxRfOPWY,0
738,sAabARyfYZg,0
739,CUtZG3NbAr8,-1
740,oQNbgJK9_9o,-1
741,kyIf3OwcC9c,-1
742,z4-1mmV7hl4,4
743,RSQo7WaZJzA,2
744,fX4CqpJRuIc,0
745,r8_O7O8kgJY,23
746,4p00K5_N7dI,0
747,J_ZMptIK0Ko,0
748,67rzbg4UhV4,-1
749,2_U1hAtNq8g,18
750,nbY2KqXSsaE,2
751,Iky7rJXQU_4,7
752,of3q-MnlmJk,-1
753,QV6rX9MxLFs,3
754,SRaxKX0l8z4,18
755,9OEa3fJUkiE,0
756,d2kxUVwWWwU,-1
757,XInW3m91uOg,5
758,ja06VL8vYmk,-1
759,kRDDmcwvomU,17
760,NdoydRqVOV4,2
761,yqlZ24Kk5hY,3
762,c7ScUDYSRYo,-1
763,vLuUNjQUcUA,-1
764,RVgfXDtMRBY,4
765,-ETQ97mXXF0,-1
766,JbehSWcOyAw,3
767,1kRJ-FOK_20,-1
768,b8ygWGotX_Y,-1
769,qwMn73q41Gs,0
770,H0etieBDxeY,-1
771,QIKQEKm0qIE,-1
772,0l9Pu4dk89c,0
773,xfYb5hapybQ,-1
774,y_B8UBq3D08,4
775,pPP5JpPP4sU,3
776,eo-zGb-l0nc,-1
777,dc0Y3fSAg_I,2
778,aqAvwqioC5M,1
779,4dwsSz_fNSQ,0
780,Q3ad7-RFhug,2
781,k_rmHRKc0JM,1
782,39EdqUbj92U,-1
783,A19f9ET3oB0,-1
784,asDixH06s28,0
785,Y08OaZVfkYE,-1
786,f8luGFRtshY,0
787,4aScMurLyC0,-1
788,ln6pCKts6k8,3
789,Ilg3gGewQ5U,-1
790,ZzRMcySolvU,1
791,3Rskp_N0FOM,-1
792,28rXr7gh954,3
793,0yGCB8y7u5c,-1
794,1C9hkXuRCrc,-1
795,fieyIxGS9cc,1
796,l7mfO7hbK_o,3
797,MfLPZgPRBFs,3
798,BLgz4ce84_w,5
799,79CF5lz-sqg,2
800,Dj3bDXy0peE,-1
801,AI1eKN1Eldg,1
802,0y_XP65_6o4,1
803,c_55gZfUK1E,-1
804,yzXDytQsK0w,3
805,vD6UYtmkVHE,-1
806,7jVKwYQdKww,0
807,oV74Najm6Nc,-1
808,5pM6NFb4tqU,8
809,Nn_w3MnCyDY,-1
810,_sAkAALHyEg,7
811,xglXO36160M,-1
812,9q_Mnv_YZXQ,0
813,sN5ZcJLDMaE,0
814,-hsl4LT8xGU,-1
815,4_UOc_CC3NA,1
816,UDlRRGRLGNM,3
817,_WzlgCoYeD8,2
818,0Iy9oH8VAbM,-1
819,u2hOWox3qn0,0
820,_utbQlafSWM,-1
821,7r83YNhDTZE,-1
822,YE21WLZ21RU,4
823,mwmuJF2ohTw,1
824,vJefOB8kec8,-1
825,QaIt-_UFY5k,3
826,0z6AhrOSrRs,-1
827,dc8gnPcKl9s,-1
828,wxV4dQx1qs8,3
829,sJKGk8D4Ao8,3
830,kC72nnR8EW8,-1
831,uvd0ybeSqp4,19
832,atGknXJES9w,-1
833,ag3DLKsl2vk,0
834,ye1UR39GxbM,0
835,Aq_spBAxVDQ,4
836,28s6Ezj9w-Y,21
837,Aym1Gx2wVK4,-1
838,Q-QxqFN7Iq8,-1
839,xx4-R46y15g,4
840,W_gA12QKJa8,0
841,uEYb7Icxn7U,3
842,UehuI1w10lg,-1
843,J0qYQ5MtXSs,20
844,7ZnXeDUYPfk,3
845,RXvbqU5Hfc8,-1
846,Ownf8eBMoKY,4
847,z18nw4adsx4,0
848,rT8HTb30r1U,-1
849,bRsjfbqHj8k,1
850,KiR_XteJQT4,3
851,5ZAvx09qeks,2
852,lyOoMPjCGiA,-1
853,aGMsvXz8CYY,1
854,LsmZUoFvJIw,4
855,WlpFIbBz8Ps,4
856,FqwmHs2B3Wk,2
857,FIClB5Hp--c,3
858,yTXMctsU1qA,-1
859,h4XUqItn8es,3
860,LHiM0WnRaD8,1
861,u8dtCdwnIYE,4
862,x2DQM-PfsKo,2
863,Wqmtf9SA_kk,1
864,yoYZ9zwXb7g,-1
865,Qh2ChqAJbXE,3
866,0_nAHeLXcXc,-1
867,UHncD5Bwb-s,-1
868,mbK36TruR2Y,13
869,82nOf3CZpYk,-1
870,EDTHGgUvwHY,2
871,momzkuLMtao,21
872,D9APs4JQL1U,1
873,W-0-u6XVbE4,0
874,u7obuspdQu4,0
875,U9Nf4caMhz8,2
876,XfPRsCdWRyY,-1
877,VPPe418hjew,3
878,djxc_8ZTbDo,24
879,prtc7Lt8LHw,-1
880,xTKoyfCQiiU,1
881,tTmhjsnC1bQ,-1
882,DknL690sGlU,0
883,b_p0ZGMZ4n8,-1
884,tjlrAEllIIo,-1
885,c8SFYuGiXAM,-1
886,c0Ody-HLvTk,3
887,OoT6EeRAgWk,-1
888,Z_ikDlimN6A,-1
889,YcsN9w1P_3w,0
890,LCOK9nO_Dys,-1
891,O1QTi40BoC4,0
892,pZQOAgESIcs,4
893,ZXiruGOCn9s,4
894,gI35RQyHTpk,-1
895,DjjQhjJMqkI,3
896,2CLKChuKbcE,-1
897,s11k0yAA8ZQ,-1
898,BYJszIs_8S4,-1
899,p_Y5xEjrWtE,15
900,UFDOY1wOOz0,0
901,xlF9dfGI4aE,1
902,zQ0Yeh2qdiM,0
903,_aCuOwF1ZjU,-1
904,CkF-LKpeqEk,13
905,df4ttNzmAHY,14
906,8O3lBTU2Ngg,13
907,1f-04mmLoPE,-1
908,FlgS1Ezon8Q,4
909,FekaoJub6hE,3
910,xQhCtnd-jgk,3
911,HZrj2wUqF3E,2
912,jeTiANBM8y4,3
913,1PWji2VGlNk,-1
914,PIAPzioNt9Y,-1
915,AOHsv3TTImM,2
916,kThRToZM2Ns,-1
917,QicIHGjaub4,-1
918,GXxjd1za6jk,0
919,v79HaxnAmYA,-1
920,zKaxW8HduNU,2
921,cFN8bT5OAe8,3
922,z4htvYxOlvE,0
923,nbWEbsMJoD8,4
924,sGQfiyXOvF0,-1
925,rHeaoaiBM6Y,-1
926,LHBE6Q9XlzI,-1
927,ahmrUTM48sQ,3
928,k_WJn40u-4U,-1
929,FO472ytVzHo,0
930,T0Pjki4vXx0,3
931,BWGejNNjsXc,-1
932,qLjBENfVsCM,4
933,J7LqgglEfQw,-1
934,TBVQFCkuD_A,3
935,lMZUu_v1Av8,-1
936,WBBJTB_ODfc,8
937,2xXB4yIYKE4,4
938,sguol03tfWo,-1
939,gh-iZ9NaeqE,11
940,o1pfROv-CTs,-1
941,uEPs-RL_VlQ,-1
942,v7mOZQeATKU,-1
943,q2kxEq2tVc8,17
944,FRlcoC9laGU,0
945,Iu7Yzf_QLcY,3
946,kDpmq7MDpjk,2
947,a3v-yRdYIRY,3
948,3oE88_6jAwc,-1
949,Se5uZcnFDDw,3
950,zjbJyHUkmys,-1
951,bOUfOOCFCrE,3
952,CcbK5vCVjw0,-1
953,dCsb6Z2n0o8,4
954,l81VkeZAnO0,2
955,c0oLY7hdOAA,7
956,WlUDK9jvrQk,1
957,3nZd9LluwIk,0
958,TKopbyIPo6Y,-1
959,fsxKUby4EEw,-1
960,SkI_QrWo_8U,-1
961,5XnHlluw-Eo,0
962,0jspaMLxBig,-1
963,AopGnnPPczY,1
964,vf9ddTfVJK0,0
965,NuzapT9cyd8,3
966,Wv0EO-PKj5A,6
967,YdEvzJDR0E4,0
968,lzaBbQKUtAA,-1
969,8hEl7ISVcRA,2
970,-KzJx4Zoz_U,-1
971,JE85PTDXARM,-1
972,sktoCJv2-3k,2
973,pjwchOlxnDs,-1
974,WHpt8Y8Yk74,20
975,Tr4F4-DruR0,1
976,BJ3U9KXewdc,-1
977,T76TFctCGVA,3
978,Hjfox_Gw4-o,4
979,WislI2La0vo,3
980,rlz3qyMQinQ,2
981,XtGiB0-Ec38,4
982,R1dLwhIdqf4,22
983,9gGnTQTYNaE,3
984,9LFbMz7DrDA,3
985,qv6UVOQ0F44,-1
986,HWa8FAqk1KQ,3
987,72wLFqGZEuU,-1
988,X5ib9dnGERo,4
989,V_xro1bcAuA,-1
990,ZEiVQiFmOPI,0
991,36W2RVzoD8Y,23
992,4QSV9biTSqY,1
993,AneIXxdu_g4,0
994,8cDPkGxJ2Y8,0
995,7AnsHyGepjM,4
996,U2NLyeeXaNk,-1
997,FMPYShYLg3o,1
998,KY8-WjpvRdk,3
999,EzywMP2u5PY,5
1000,NR05n6z8sTk,2
1001,DKDWB-36Ekg,2
1002,UTHudyIqkbo,3
1003,jyd4uH5dWJ8,-1
1004,AQRgUrnYxzI,-1
1005,KyowQUq90lQ,8
1006,hk8IBzjdWHg,-1
1007,lTd9RSxS9ZE,3
1008,BCavd7rkaqk,3
1009,yZ2ROmYxr3U,3
1010,6o7lQnbgKNs,-1
1011,-zs_VvctMDs,4
1012,lnO7hmD6qzo,3
1013,gZmobeGL0Yg,0
1014,Y5CEBAP6biI,-1
1015,PoEoTf8oBIk,0
1016,WxcpQW3afkw,-1
1017,Ef6L5YkGTMM,0
1018,3qGbPDRzYRI,3
1019,Amfrm2V_KO0,0
1020,K2tXKfKhryo,0
1021,3Rb2hRf5YCQ,3
1022,Rp7qqjlBeRY,-1
1023,Mp5JbFfh7YA,-1
1024,VuVjH7b40Vc,3
1025,R9OHn5ZF4Uo,-1
1026,euSJJTI6qpY,1
1027,QQCw_TPUUPk,3
1028,rWpiYvLHmzU,-1
1029,6eul1pfGKwk,24
1030,ThNqC9bP21A,2
1031,kW4XSvuBtDw,0
1032,fUEwoiC5AO0,-1
1033,nL0ioW8glYs,3
1034,shNLeGy0aHI,0
1035,py9PS8lSxKw,0
1036,LWiM-LuRe6w,-1
1037,R86Gnz3lEbw,-1
1038,TUs65EJgYzk,-1
1039,OasMIiEIOFQ,3
1040,DVroeIrYtHs,2
1041,lODWKgCfg_8,2
1042,eBz-S9o3Wng,4
1043,cjCmiXS6JwQ,0
1044,psKfEBBG8fQ,4
1045,ktKF9euO56U,4
1046,oV3ZY6tJiA0,-1
1047,IZMzY-CREHg,0
1048,RWewgdd_DiI,3
1049,H7wC4GEPJzI,-1
1050,Xmw9SWJ0L50,-1
1051,PdrCnv76ysY,2
1052,VZ7Iku1i0tc,4
1053,2aqZUI0hHzI,3
1054,PGmVFaZl0sw,2
1055,qcqTFaj6RLI,0
1056,5NzWFMNMxPc,3
1057,N_Zhn5rw8FQ,2
1058,0Kh8xE5EBvY,-1
1059,B2aI7m7wldw,0
1060,jgXp1EE4Wms,0
1061,YLPJRNRd-OM,-1
1062,gfsKal9G8-o,3
1063,lwhPVeR7J90,4
1064,pDXdlXlaCco,-1
1065,D7O3wn3TjNU,-1
1066,AvfGqiHPuXY,21
1067,0Z1tVL3Wh8I,2
1068,zvmrSS1X910,3
1069,FncUQHU3r2E,13
1070,E5jVBqe59EE,0
1071,klCheA8pWSQ,-1
1072,XpuW1eR42Cw,0
1073,pZsJbYIFCCw,1
1074,SgNzc1klons,13
1075,r0C2IOb_7vg,1
1076,Y76HQyR0FlI,0
1077,8TOgN-U0ask,25
1078,nEahhnk3VvM,26
1079,3scnZbjX3WA,-1
1080,TROgv9pSuhk,3
1081,VgmRBERTWro,-1
1082,_dWRo05gHbA,2
1083,QjMl9lgcOU0,3
1084,iyb38dzetRk,-1
1085,2jviQFFgEo0,3
1086,JhA663fSDWw,1
1087,rJ1Qao09CFI,-1
1088,GNt9d4qiNBo,3
1089,HYj_0zyS8_4,-1
1090,H5fdzoAeLCE,-1
1091,B9ylS2vOp34,-1
1092,lPvqvt55l3A,-1
1093,dEEgU77WQYs,1
1094,spHB7IEFXbg,-1
1095,HjOt-4k6haI,-1
1096,xDgUP9_jrXo,-1
1097,2MZs44gSIwg,-1
1098,SOPkyrnAa0E,3
1099,llyX3aSJ5Aw,2
1100,7gEzEAIELgQ,0
1101,puy_euthj4g,-1
1102,pHtgA2Nbdew,3
1103,VYA17BrH9rU,3
1104,gk3pKl3vuVs,0
1105,drmuwS23qds,0
1106,IzcX9bTJLj8,3
1107,SAUhNWQ0phQ,0
1108,cDTp-qXXZU0,3
1109,UFX4wgXlDlM,2
1110,NPoqrTUpcbc,14
1111,0g5GiNMCurE,-1
1112,0c4pgnFHQdQ,0
1113,7sB052Pz0sQ,-1
1114,cY_oXEkr48M,1
1115,AFc31AlnW_Y,0
1116,J_YLjCTOFWE,4
1117,ORX9bkR00PQ,3
1118,yVh0lVlerWs,7
1119,Z5s4cWbZX6E,0
1120,cBlsuMausrE,2
1121,4GPmdmn9_ZE,2
1122,xoue4-ohk1Y,3
1123,MJpwkvb5B-I,0
1124,PAcZPUjLdf4,-1
1125,YhIavI-SWDg,4
1126,7O8jtu3bpS8,-1
1127,_VPxEcT_Adc,-1
1128,XTgqCB8cPWE,0
1129,knQlJIjSWBE,0
1130,L_4BPjLBF4E,-1
1131,j538e7rx3F4,13
1132,bLHqHRWUUWg,4
1133,7eh4d6sabA0,-1
1134,RXTzVQQdHHE,2
1135,HHrWkArZjZU,-1
1136,kiVhhqArRyw,14
1137,Bh46zhesjdw,2
1138,lRqILuRhPXs,3
1139,tDZxKM4xNW8,0
1140,r2bPY2s9wII,7
1141,7gIr47cwvyk,2
1142,otTAJlDC_k8,2
1143,r0Ogt-q956I,-1
1144,-Udvb9awDxQ,9
1145,0xSSonMIqBk,6
1146,pMMK6lQvBW8,3
1147,4aNOjRmc-B8,3
1148,TCTZLST8te8,-1
1149,gmvvaobm7eQ,0
1150,AfAIS7_jJrk,1
1151,0yCJMt9Mx9c,-1
1152,aIIuv8BBTJE,1
1153,lfojKMmJApE,2
1154,ejkRh9obVjk,0
1155,mYrkA8BduMY,2
1156,rDu481JFwqM,1
1157,wdtVRpaC43s,3
1158,HSosVrefeZ0,2
1159,u9ECps9b664,1
1160,-qtyxuYnqzA,3
1161,MhDtioQkDVM,0
1162,qo_fUjb02ns,5
1163,UyNuSH3UWoY,0
1164,9LvHI9lI9No,-1
1165,vdRp_w9f-qM,1
1166,nt5DwCuYY5c,1
1167,Vio77-XAXTA,-1
1168,2rdQLU9a-SE,0
1169,U6sQC5NMa2I,-1
1170,eWoVz6Qcp0w,-1
1171,ZlfINJdVpco,3
1172,q55Tusc-rxc,-1
1173,9PLxWXBI5Pk,-1
1174,n24wUnJI4O8,2
1175,YJVgKF__qrA,-1
1176,SMaa3pnQmbg,0
1177,MTJZpO3bTpg,-1
1178,CbCZH0sPfiA,2
1179,GyI3WE5PKpY,0
1180,uyZXxLO7rSI,1
1181,4th7cghOufA,13
1182,dB5EJDXcH5c,0
1183,xOY_hXa6RUk,3
1184,XYDbqVsBt6o,-1
1185,LZzq1zSL1bs,-1
1186,IWNqoLF745Y,16
1187,HXW6UudA7nE,3
1188,JE-pPrXyNWk,1
1189,QTjv3ta0qO8,3
1190,rq_Xl71d3tE,0
1191,57BKHfavqzY,-1
1192,7Tb49HhaM84,-1
1193,Ar2-I4VUuI8,3
1194,LDU8MnXs-hc,-1
1195,25uN-Dfgk20,-1
1196,3WWc70TOHuw,2
1197,PMXOH5NmSSo,3
1198,pLQVzwI5VYs,1
1199,-wCN-Y3Ya0Y,4
1200,zu9r2Zsto58,3
1201,5ujNzQAp7iA,-1
1202,DFUdQOH1kLc,6
1203,4v7EMGH81ow,13
1204,jc-v0H9bLlc,4
1205,gT57PqRVOmg,1
1206,GcEnyIrxhv4,-1
1207,de7ptQ6Kwyw,3
1208,UOJO5pGiq6E,0
1209,8HifpykuTI4,1
1210,7B8nXrvlMz0,0
1211,b_kafEEc11c,3
1212,jSxCWLJt0wY,-1
1213,A5UjC8c318o,0
1214,HXGaabF6T7U,0
1215,HR91Wrr8KH8,0
1216,rdLgKcXW8ys,2
1217,2GS_I3p4Y5g,-1
1218,tS-Ptu5Wmh4,3
1219,4jmsHaJ7xEA,-1
1220,RsdDyiMlBJo,0
1221,J4Qsr93L1qs,3
1222,m_qaQHFfvYU,-1
1223,nCglvjJkU8A,0
1224,wyYt2k5OsY8,-1
1225,8vvtMJwlV18,3
1226,M9ZvWjFSIl4,-1
1227,uB3i-qV6VdM,0
1228,EVsnzLE27Wk,5
1229,HgBpFaATdoA,0
1230,eKVgfjkEGLQ,15
1231,32bGdh1Zv-k,0
1232,rHKwIYsPXLg,-1
1233,3cSjsTKtN9M,-1
1234,gCX3j1Fvdrk,4
1235,sFgIGYywJIY,3
1236,N3wJwz97b8A,-1
1237,Le-A72NjaWs,0
1238,JsINWzhKmcg,4
1239,m2BzvQyKxwg,-1
1240,rmKOOxU4Gf4,0
1241,t3M_VW5nv5s,0
1242,NTTm4KJm6u4,4
1243,b0Wv1IgSzQo,1
1244,L1qqm_j3XMw,4
1245,S2_wVeISuGw,1
1246,PXf975sHsvM,5
1247,4p_FKZ25T84,-1
1248,tXaQRl0eKd8,0
1249,3OGpbWLQQbo,-1
1250,qLK56SHxW0U,0
1251,5S7K5tDDWbQ,-1
1252,tawrEdUHQbs,2
1253,K6LN3ioaOHQ,5
1254,0cIrq6MdVUU,25
1255,iJ1oID3jXlU,-1
1256,yIRL4xtmXE4,-1
1257,BlYFE3jXlKE,2
1258,NiPr-ZX-1_o,11
1259,bRlVtjhkQ8M,4
1260,Qrbnasll_KA,2
1261,xfzGZB4HhEE,-1
1262,dwVwSZuJDBQ,7
1263,6-1-1Ifpsig,-1
1264,JJhcQPFmWRo,-1
1265,bCYuY1vZ02k,-1
1266,FyO34Azgsqs,3
1267,hEc9Zg238JI,3
1268,7x2YZhEj9Dw,-1
1269,pMqdlnE4pjg,13
1270,eDbaDbvCsg8,-1
1271,LlhfHoU3s3s,2
1272,aCEvtRtNO-M,0
1273,JPHS10dt_CY,5
1274,0NvVrXfsBrI,0
1275,Q-znUA9xSIU,-1
1276,bwtSIdgAR4I,1
1277,8QEK7B9GUhM,-1
1278,7Mg9PW94iFk,-1
1279,pZybROKrj2Q,-1
1280,PU5GZLozfDs,2
1281,DxZeVyetnJk,3
1282,nTxOyfMEkdE,3
1283,daWY_OZj8Ec,-1
1284,YS88akncKK4,4
1285,WmvV12HQ0UQ,1
1286,rXEHMpAxR14,4
1287,19TvCmqVXQ4,4
1288,S94VK0nspzY,-1
1289,H5RDyOW-sxk,3
1290,d1_dtBHp2EU,3
1291,jdziZWaaWxU,2
1292,aZJn7rbnWD8,4
1293,vz1Gswulbu0,3
1294,LOSJ5pzDin0,2
1295,qRd_wLIILxI,3
1296,ukzFI9rgwfU,-1
1297,Oy9xMoLh1Tw,3
1298,QgLUPAj3bns,-1
1299,kbQ240GyO-U,-1
1300,V4AcLJ2cgmU,0
1301,BfogwkWxC8k,-1
1302,1O_BenficgE,0
1303,v48H9ch_-Ec,-1
1304,mNB8NlwhAgg,0
1305,rOxO_ICdAmM,-1
1306,mzsqulKTwO0,-1
1307,RSC07WCYj1E,4
1308,HrhNIUTOUxU,3
1309,aStninMO6E8,0
1310,5dMXyiWddYs,-1
1311,-g-FtCfze4s,1
1312,16XyhUpKrXU,2
1313,0ljahy47bpI,3
1314,9dFhZFUkzuQ,-1
1315,ucAOQrnXbP0,-1
1316,6gd_MBRyBWE,21
1317,DVbiH_P2ogk,0
1318,nOUCLLem0-w,0
1319,qpp1G0iEL_c,-1
1320,AYWLZ1lES6g,-1
1321,vhpntW_C-HU,-1
1322,qul0f79gxGs,0
1323,P_TAklE-UmE,-1
1324,SA_SDo-cqpg,-1
1325,7WTEWyn9zfU,0
1326,wj1iyYmwAy4,3
1327,5cFUZ03Sbhc,-1
1328,wZtDR4oCCaA,-1
1329,EJG1GDe6XKY,3
1330,fTD6ConK71E,3
1331,t5YwqZqLjys,3
1332,h-LGwS4ZCHM,1
1333,vMDB6ekZhQk,3
1334,gmkA0f5OL64,0
1335,Iyllj5bOysc,3
1336,0-XzHUSZBQA,-1
1337,BK9M6wGEf3w,0
1338,fnwjsO9ky9o,0
1339,xQiLdkLLkLM,2
1340,6_s9jJud0KI,2
1341,G52W5xM-JXA,4
1342,iaZWghQL0DE,3
1343,0aK8CmQko0s,1
1344,vFmWUjfCgC4,-1
1345,6Jpaz3PVLNk,4
1346,zAbrzDuS7A0,0
1347,vTdX1nOwB14,3
1348,RGBvle2LX0Y,2
1349,buvE6l_SX0I,2
1350,hpgXa_5kKt0,24
1351,xtUcDWWRqEk,-1
1352,7R52wiUgxZI,-1
1353,VOJb4RMryWE,3
1354,y1F5rWzur0M,3
1355,4yLvdOx-Mk4,5
1356,RJn7AvdST5A,3
1357,bM00hBLPEZU,2
1358,Gbnep6RJinQ,4
1359,L8h2CHh5KJ4,0
1360,GjabdS4GIio,1
1361,awYahmtssec,-1
1362,E32Tvnm_X9Y,3
1363,PfY187sxquI,0
1364,ZUKz4125WNI,-1
1365,NK-yMnzVeJ0,0
1366,429BzS57yBQ,4
1367,7WWcZ_m7fmg,3
1368,Jm9kwEvisM8,1
1369,fUv6aXKD0Oo,2
1370,zv7bhZCUBAc,4
1371,i8NETqtGHms,1
1372,dRECy6Bv9jk,0
1373,BrNs0M77Pd4,-1
1374,5AmYlIMaLqU,1
1375,gfl9A7VXB5M,-1
1376,FWHxq3Femp0,4
1377,eypu48CbIIo,10
1378,uR1XI-0wJzA,1
1379,uqvFDm93uys,4
1380,l82PxsKHxYc,-1
1381,0HoSwHNUOHg,-1
1382,P5HNeahRYDM,0
1383,Y56WEVA2tXg,4
1384,oUF7XOHMn3o,4
1385,jZ0U339ewKo,3
1386,w3ACwUOjhXk,-1
1387,3HgtMMezTQM,-1
1388,YT-lPqYbv9k,-1
1389,l3NZgVBVuPQ,1
1390,OvqW2Q8XcmA,3
1391,oNT1MrIhtKc,1
1392,JZuw5F_lHhw,0
1393,28ugd8lS5k8,5
1394,-luOovu-fLw,-1
1395,Js2oAqEN_h0,0
1396,ViFyW7_z2Ns,3
1397,_eYDNcSYUCA,-1
1398,4AXR0v84DB4,-1
1399,XzwIMo_4lWk,2
1400,Q5pAhppTSaU,-1
1401,fltUauX6FKk,-1
1402,mwcOqGkL-1o,-1
1403,NHUjYTjGEV4,3
1404,tqiXLhzc3Ak,-1
1405,YYTzyxzXwII,1
1406,gKo-js8iXtE,2
1407,fqDh2-vqnTU,0
1408,IToIvCsyhPM,0
1409,KSlMSQVo-x0,-1
1410,v3SePt3fr9g,1
1411,NhSYCYjE8jo,-1
1412,VaeJgvCXcYM,4
1413,KcuaF14iiW8,3
1414,XqHQT0CUEEU,4
1415,gJ9NcxPUSPE,-1
1416,26CpvVGgM28,2
1417,gToelBA2soM,-1
1418,Aw963iO_W_A,2
1419,SW6AE76Pi50,-1
1420,5cBjPJe5ExA,4
1421,dO_Bd65ja0U,-1
1422,7yB9QOvYIR4,2
1423,Q4abG3OPNX8,4
1424,qmPX8-HK1os,-1
1425,ImUtr3kCiNU,0
1426,vdiK1d2Vzt8,-1
1427,hJW7ir_XuOM,-1
1428,NYNN87txLWQ,-1
1429,wsXl4CLOeew,3
1430,Mz2oZUD5Rg4,1
1431,AJU5Jz6rQ20,3
1432,HTIS3Mft3mk,0
1433,zKrGRaQCWQE,0
1434,FOmIm4wZs6Q,11
1435,dQjuegkpm2I,3
1436,ZTqyC9g1bMY,3
1437,mkRVHLQmsp4,1
1438,kZFQx24nH80,4
1439,tfa007Ts1nk,0
1440,v6VJ2RO66Ag,0
1441,vpm8T-JhOjo,0
1442,vba8UBwDuXk,4
1443,hVicwbhbdHo,3
1444,HWobiyFD0PQ,4
1445,0oyCUWLL_fU,-1
1446,9W6OQ-ktQhU,0
1447,6stDhEA0wFQ,0
1448,OhKa5coPqs4,5
1449,V3WQfTlW0fQ,0
1450,VoT-oiO6gGs,4
1451,lbEXe2tJ3MU,0
1452,2Pb7HuZlm2Y,4
1453,SHfP8SPOEEw,0
1454,Yzk0_r_ZWZg,1
1455,05KLnErGQnY,-1
1456,brfVuoxLMng,13
1457,0iaAvNnw2hE,1
1458,r9fvzrfDDSE,3
1459,Hf_HArPE8ls,2
1460,z-EtmaFJieY,-1
1461,3bkVZbYWyXQ,4
1462,Le122vas9aM,-1
1463,vWBRdXMlzgU,3
1464,DHyUYg8X31c,-1
1465,Ro0S9DfzxfY,3
1466,WG11dLGUBbQ,-1
1467,hqddTc3SKhw,0
1468,VW1ssjF80AY,1
1469,6rxuumel1uw,3
1470,pe4EnivoRHk,0
1471,YJ9JPTVq-zI,0
1472,oeuJO8i5gTI,3
1473,_U2YobRC8OY,-1
1474,58SZ_2CKvkg,-1
1475,Y8nfvBVB_FM,3
1476,zDYVR81sHBo,3
1477,vtp63tY6LLQ,3
1478,SK9qBFVv40M,3
1479,zTioBYdv2o4,-1
1480,WXuK6gekU1Y,-1
1481,Hswzb8Zthuw,3
1482,fWqpPsMXVsI,-1
1483,3f8zwjCcpk0,13
1484,GrVWqiFyxdk,-1
1485,1eBxt9HUfh8,-1
1486,enZJGQf2FUs,4
1487,h66vSKpfZws,2
1488,XoVt4z8yP3M,4
1489,Z7olddMLs28,1
1490,qpoRO378qRY,-1
1491,ixIoDYVfKA0,-1
1492,brSNwP5OsUI,3
1493,Jt7iEBuvuuI,2
1494,uSAMVydkfBI,-1
1495,Vm7QkdWZvCU,-1
1496,uzj7cOGM24U,3
1497,_RMuxWvUNQ0,4
1498,6wU73ExafGM,-1
1499,B4J4CFb8kp0,2
1500,9cXM49Iu6lM,1
1501,wiscimXGqxg,0
1502,0O1ASUzECKs,2
1503,8-eDeCsjVYw,3
1504,kPXxbmBsFxs,-1
1505,jyk4ISfdMs8,-1
1506,nPrhFxEuTYU,0
1507,f66MiCvFlB4,4
1508,1vsmaEfbnoE,-1
1509,M7ZJ74RVHqo,7
1510,Rmtr9SY-4VQ,0
1511,YV0ATCvSLJw,15
1512,JxgmHe2NyeY,-1
1513,krGBKo5A77E,3
1514,M8SX4wwHiFc,-1
1515,1Br_cs2ruNE,3
1516,SWFzAXyWOoE,-1
1517,C22H-Ek9V94,4
1518,5xiWNPV3Z3k,4
1519,3vDX8LhQalA,-1
1520,Mqtj9HUYjLA,3
1521,oJNHXPs0XDk,-1
1522,2zCh_6GO49c,1
1523,IssB4wkge4o,2
1524,9OWiiXelMDs,-1
1525,wQjZERRGmio,2
1526,kuvFoXzTK3E,-1
1527,J3nFOPoVnPw,0
1528,3cKCoWX186Y,-1
1529,u2aiUs5giDc,-1
1530,IikHET7tR8Y,2
1531,Pjv_G8glL0w,2
1532,OXwZtlcTiuk,0
1533,UONU8mq7fJw,1
1534,cxOLMXXVS4s,4
1535,s3NvIc5hCvg,-1
1536,eoT2890I7yA,3
1537,_ZQ-lQrK9Rg,0
1538,xFQ-djoTMPc,3
1539,MfIjxPh6Pys,-1
1540,cuzLGfED5K0,2
1541,hIO4Kli1Zz0,4
1542,kPHa5cLfRdw,-1
1543,upUZU5hvZQY,3
1544,fvtrRGmv7aU,-1
1545,V94CBgy7wNI,3
1546,-UBaW1OIgTo,-1
1547,uzL62lh6x9g,0
1548,yi_8W1Ja_80,2
1549,S5t6K9iwcdw,-1
1550,UZ_5zl-diiY,-1
1551,Kw4j-7Xj1jI,3
1552,_j1eODrkGS4,0
1553,H-c49jQxGbs,-1
1554,FTA2GVekXmo,13
1555,uz5qXBGM9HY,4
1556,v4Qj1UevInQ,3
1557,weAx9fwMDwg,-1
1558,X-HRkyrFwY0,-1
1559,GmuNZSBSLoA,-1
1560,x7qyVD8PkMs,3
1561,ppRIsJRgI4M,5
1562,5q87K1WaoFI,-1
1563,cJVkqh7-EZs,0
1564,6AK7qC2XGHY,0
1565,ikRZexPulbU,0
1566,AsNTP8Kwu80,0
1567,Nde27jA2DEw,3
1568,ZgmuzhXPHLE,0
1569,8aNmb7dWLRY,0
1570,VlPBAp7gHqY,0
1571,29jvJQ712Ms,4
1572,R7U2lF601jo,-1
1573,_DwFlpw8Lxk,2
1574,4eTyGwhrJK4,0
1575,W3dUxFBG64o,13
1576,wCcnZeGAaWk,0
1577,8Ng-BXxAZzY,4
1578,Ui85SVJsRf8,0
1579,Gc6vooQ2jh8,3
1580,5FeJwz6AMnk,4
1581,6PL6Yr9RNjQ,3
1582,q4YjY7lN0HY,0
1583,tFIB4V2TLFM,0
1584,BhaJVZNpL4M,3
1585,ULI4SzttnAo,4
1586,mfhTwyR_41I,0
1587,IRMhT4FWBrc,-1
1588,skE7dpzagtI,2
1589,rzNr9roiXec,-1
1590,vg9uUYo_tvU,3
1591,b8zb6vFopwM,3
1592,il9I_Vw2Rr8,4
1593,0c8FFqVqIjU,20
1594,EvK2ZQbMn8o,1
1595,7oGmyw4uaMs,3
1596,my2L9-SpnLY,-1
1597,g59URBRwfg4,3
1598,PeMlggyqz0Y,1
1599,uyWVj9zA_7I,3
1600,fF7PYGkoxNg,0
1601,3fOguIUUxRo,-1
1602,2frJsC_Q3I0,3
1603,r7QZDu6etd0,2
1604,TNW1r-_mUmU,3
1605,GXZ_smydwQQ,-1
1606,pEF09AOeMJg,4
1607,TR7AGmey1C8,-1
1608,JqnjGGuyYr0,0
1609,iMt1l35RhfU,4
1610,Oth_jnB5lOA,0
1611,kWmX3pd1f10,-1
1612,7u5ZRoyt9vw,0
1613,WRUliRQ2MHA,5
1614,iBWixWwn5Dk,-1
1615,S4323uM6d4o,1
1616,me9dg5R1UnQ,-1
1617,XYJbasP66zw,-1
1618,UX6EMBeztyQ,4
1619,j2a3BK_4WRg,3
1620,gWzfL4nJB0o,0
1621,GuYhJ-kCnGg,4
1622,NlOcSPDFnk0,3
1623,S9D7qgcoiYc,4
1624,PLyz_Ten44U,3
1625,srOv85nNcek,2
1626,qV76VwCG1Cs,3
1627,wtS5q_F8v90,2
1628,wOySVCG_cgY,13
1629,flqQpOBFYM0,1
1630,_vy3Kr9v6ns,0
1631,WkihQ-Bo5lU,3
1632,1LyacmzB1Og,3
1633,PdNqp3ICITE,3
1634,GFOZ27yskSQ,2
1635,jmmW0F0biz0,4
1636,cOiGU2exv0U,11
1637,uUT5IuUBWbA,-1
1638,Fe04JM653fo,2
1639,yewxT-rW1Ws,13
1640,mkiDXTS6-mU,14
1641,H-RKfV2ZJbI,-1
1642,Gdm0soVL3-I,2
1643,0zi-CG_iB6w,0
1644,crIENWSHDv8,-1
1645,Ns-XBWZUm1s,4
1646,UKYwW0zwMGQ,-1
1647,wbmbTqIKii8,3
1648,eZOXrrQmYbc,0
1649,iZjWEVkDrHY,-1
1650,32JkjNLRXRM,4
1651,OWvy-fCWTBQ,0
1652,_U21fT8VLp0,-1
1653,PRMQx3vJqjA,3
1654,ZDBODTy92Ls,-1
1655,pThOkvOd9Iw,2
1656,O7DZcaV6MaI,3
1657,rmCMFcB3biE,4
1658,LxiVKLiGNJ4,-1
1659,xL8UXk_gBJ4,4
1660,2XCpOuiy_e4,0
1661,bmwQdroprVo,1
1662,K4gYHrJMKRY,-1
1663,jNP0tcm1GnU,-1
1664,8neI5zedq0U,4
1665,x-AjADP0B18,3
1666,gfJWr1uVD-0,-1
1667,DgpYiysQjeI,-1
1668,fBncbUmO-L4,-1
1669,g-klWxwCRyk,13
1670,09XlEddk9sU,-1
1671,terWb6ja-HM,3
1672,Vtr9KcucHy8,3
1673,atk11CMkSqs,4
1674,zZXdfAfmdSs,2
1675,dvcD7q5nERY,3
1676,8vK72UJJjb4,-1
1677,8C_QwACfukk,3
1678,T0KG2UWmksg,0
1679,FxjKXkJgDy0,2
1680,9BdUTvbk9lE,-1
1681,p4s2-PqxN4Q,3
1682,6NkFPJfSyRM,-1
1683,WZD_I7s39Zc,2
1684,kuB2mVCn8_o,5
1685,vaaBrjXjp9o,-1
1686,VUoM7p_Fb1k,1
1687,27i2l5X05as,-1
1688,Bl3XzBWpZbY,2
1689,q38OCBrQv3k,3
1690,sY2Jg4kJujk,0
1691,BqcJvn6nqyw,-1
1692,kHIl4viepoE,4
1693,b5F667g1yCk,0
1694,tLoP3c7qd_I,3
1695,xQ8JJaop2m4,-1
1696,7O_X-OYQAJo,-1
1697,Cwb9_4YdNyQ,0
1698,WHF8y2mJFxA,-1
1699,5mCnQz3wwAY,0
1700,aRm7fppL5Mk,-1
1701,zsy3z14Dwpk,3
1702,cGuh5XAdowg,3
1703,ZFBaqd4Yp5Y,3
1704,ysQun8VbUmM,0
1705,dzC5oT30jKU,2
1706,BQifS4a1y2A,2
1707,H8VtaNM1wqI,0
1708,yVPAagsmmIs,-1
1709,xziWvBW7ngc,0
1710,218lD-c3RgQ,-1
1711,EuBBz3bI-aA,-1
1712,LuikWL9RWZ8,5
1713,Zlh-PLAsmQI,3
1714,RF53NPPhBmE,1
1715,oGc6YWMDaKE,4
1716,GHQyeXitLz4,-1
1717,2QDJ1lBGPnQ,-1
1718,atQ7aEYbenY,3
1719,xs9gUA0aDgI,1
1720,8nFW_y9YiFY,2
1721,scq_Ghq5EfE,-1
1722,FtIEhrZD_5I,-1
1723,wvgjo-87aVA,1
1724,AEoQ8KU-BrY,-1
1725,Q9CAHCyEKGQ,-1
1726,kqoovsyOEGE,2
1727,PIv8PHhVVjw,-1
1728,noVZqGc2hsU,-1
1729,VKnoyiNxflk,-1
1730,cqY2vecU2ls,2
1731,TrP_QxLM-yM,-1
1732,3BPzqH5sF90,1
1733,iPWHXrSTqGQ,13
1734,Mn8Rbc4DgDo,4
1735,JWYsWhR3Pxg,1
1736,nLzUorccy_w,2
1737,qRwhYk8UrSY,18
1738,mQAEmC5CAxM,1
1739,bxH8W6e0ou0,1
1740,1k6iy0u0lFs,11
1741,KBv-cR4o4Qo,1
1742,a7xcSGxesRE,-1
1743,HvMQONnCXbE,0
1744,GTvy9TCt0IQ,0
1745,UzeWdrd477w,2
1746,C2MWrCdGG0Q,-1
1747,n_H95yW8XK4,10
1748,N563APLFjZc,1
1749,V9a9tsNNamE,-1
1750,mp382uyy7ec,13
1751,h2FDq3agImI,1
1752,sPN_SAZGXdA,3
1753,63yr9dlI0cU,-1
1754,4vaF8Vbsr5s,1
1755,XmNQOSGcrUE,-1
1756,14sawjev1sc,0
1757,lEvoMBwD49M,-1
1758,Rn9OmxLDdXM,4
1759,Av58KL7XaRE,-1
1760,vgUWKXVvO9Q,3
1761,x-FwSiK6s_8,-1
1762,Cx5aNwnZYDc,10
1763,m0G3bprJf98,2
1764,RWPUxMNh5Iw,3
1765,l4AhpxpMc3g,4
1766,xqyJieYs_XY,-1
1767,Hm3x4Lh36io,1
1768,hcT0npnBB3U,1
1769,dpFt90YqkGo,3
1770,2lPz6dIRJpo,0
1771,-EpRqaPAOz4,14
1772,cPni3HqtaOM,3
1773,74DU02Fyrhk,0
1774,TJveOYsK6MY,-1
1775,OAzmsYWxOXQ,2
1776,-pIyGuA6Qo8,21
1777,0B1rYAQj4Z8,1
1778,lElYTSggIjU,3
1779,6M5VXKLf4D4,-1
1780,X_HV6jcwEbc,-1
1781,cvXVK8oqU4Q,-1
1782,E9eA_Zi9jWA,-1
1783,x2x8Ww7Es4s,-1
1784,5TfaRKi6AYA,3
1785,9WJfX0hsizI,-1
1786,mEsleV16qdo,-1
1787,Mubj_fqiAv8,0
1788,7htOOwrHcyc,-1
1789,m0OEHRA1Kfs,0
1790,ZHUvV7tgzn8,0
1791,3bhP7zulFfY,-1
1792,-aHBwTQQyNU,0
1793,TQMhCifLhxU,0
1794,05pEiLyYCOM,3
1795,pemO_7-94kc,3
1796,HY1t0tj45Fk,-1
1797,BY81yNttfpg,-1
1798,S0k_SrNBMPs,-1
1799,qBqIph_nwZM,-1
1800,0lEsbsvcU9c,4
1801,i8b4pEYIsIM,3
1802,i51lDfXdgxs,-1
1803,Hsvo1Klx6UM,1
1804,Z02U0zz0Pzg,1
1805,Li7GfFeOpZ0,2
1806,f38xjYKxc2o,-1
1807,fn33V4iX5G4,2
1808,TfOqbDYYjyk,-1
1809,vlzNUv0SI18,-1
1810,GXEXUCCCGzI,1
1811,F1LktIJKjAg,1
1812,Yhp5xACBKRA,3
1813,eGolCloRUh0,-1
1814,y3iLOxBTuy4,-1
1815,oq4Wu1PjukI,-1
1816,r1A2HiOxMo0,3
1817,OAFflBIiyqI,19
1818,VySGy2HPFUU,3
1819,1OB3cJvmHKo,12
1820,YHTSdd8-bnc,3
1821,Oruz3zeno1g,4
1822,m5E6QxKFYlM,0
1823,ZZicxQMsMy4,3
1824,d1t125-cwqc,4
1825,3Rx2x2traxw,0
1826,T3cOU_ljfr8,-1
1827,GYaR2kScIuM,2
1828,gWSUFST6EmY,0
1829,7Azhgh0nhBY,12
1830,vV12dGe_Fho,0
1831,riXpu1tHzl0,1
1832,NdL6RW7Aa30,-1
1833,kn7VagwwGLo,0
1834,xM02u0N6kys,4
1835,VxA6X2ageOw,1
1836,8QRq7YPm_HY,2
1837,AAr99hQ64AI,3
1838,S5KUpTgoSco,0
1839,cFImATAmwEE,3
1840,gZpUcsB9TFc,0
1841,i6e5NaG32QM,-1
1842,0CXQ68H0gRA,-1
1843,r3bkz6xRsls,3
1844,ar4SSx41YBY,1
1845,R6u5EBWAssY,-1
1846,RtW-bNFC-nY,-1
1847,SSE4M0gcmvE,0
1848,_5WeF6t-fPY,3
1849,Fo2iyeBZtW4,0
1850,Oxj1jMX0CG4,0
1851,1PJsZwpwZ7k,-1
1852,8Ja_7Fx2MmU,3
1853,-GECSptc9vQ,-1
1854,EDpklKP-Sm4,-1
1855,ydFn0ND425E,2
1856,HdIppwUJ0f8,0
1857,xk8wHY1AFpI,-1
1858,Yq0QkCxoTHM,0
1859,O2RIvJ1U7RE,-1
1860,KcMeaPmuWyA,3
1861,-4N27QlgJNQ,0
1862,LwPmxT_yIBY,4
1863,do5wrddhyPU,24
1864,fFtwJLUVyg8,3
1865,MDYZXB97Pws,-1
1866,0ICxaXhrpLA,5
1867,8VUzuZqWUwg,-1
1868,5pMQGT3O4CI,3
1869,xDznrlNcygE,-1
1870,WHwMkYh2rvA,4
1871,fZTa-9UTe08,-1
1872,578ug9EtWRE,0
1873,xr_eJp3ctzw,3
1874,_aQwa_kriPI,21
1875,rQ1N-qYDC1c,4
1876,mNP2iIqJnIo,-1
1877,60cYUO2bPO8,-1
1878,378jblUfpHU,0
1879,MIgg4aiNo4Q,0
1880,2VIMSZemazw,3
1881,AUe2NmSMVE8,2
1882,6R5ub-g_0j4,-1
1883,lObTKiyjcig,2
1884,HVZTfgmQ9Bs,1
1885,AY4ajbu_G3k,-1
1886,DsBGaHywRhs,-1
1887,Vof8ytP199w,4
1888,2HeYT1wOnZw,3
1889,FjszRaGdbXg,4
1890,iCT_0RzQN3M,3
1891,g6TBC0LY-mc,4
1892,mCAGiOoz5tA,4
1893,s0WAkkqiwVM,13
1894,U6ieiJAhXQ4,0
1895,g4PfkaAxMSY,-1
1896,6rrX3fQQwoo,2
1897,_6R7Ym6Vy_I,-1
1898,02Wfni1RAjU,6
1899,V_iSA19ggpE,0
1900,cnRf82pKCkw,-1
1901,rEDzUT3ymw4,0
1902,mWrWZD3x3Z4,-1
1903,4QzBdeUQ0Dc,4
1904,A4OVjWeVb10,0
1905,D0AGmAW1pdk,3
1906,kij5nxP4hpo,-1
1907,z6V53lKjiiI,0
1908,5xp0taGM3Kg,2
1909,G0y7NIPHTOY,-1
1910,YLTcltIJdjY,4
1911,-N_M5ccWU14,-1
1912,qYNweeDHiyU,4
1913,ir-kKed7Tw0,-1
1914,4p_OngPBiv8,-1
1915,Im4zNHkeGXI,3
1916,WMj6YwKNeno,-1
1917,Cu-UBInM2eo,0
1918,1FZ0A1QCMWc,0
1919,q7bKMHdxtPU,-1
1920,4U6ueXqZHYs,0
1921,KOpTQTyJQm8,3
1922,5ZStl38BSXU,5
1923,Ea6rS-Vs7CQ,2
1924,I2S40GSRdRE,-1
1925,muLPOvIEtaw,4
1926,-sPPcANjWds,0
1927,o9vweqHyKQ4,-1
1928,UuKv02veLmE,20
1929,SCJnwT-h7Aw,3
1930,SF4LBAeCISU,10
1931,9YB8WqJwc30,25
1932,__i-_hP2z9k,4
1933,y4nUtgyWx-8,3
1934,etaJRTWMek0,16
1935,q6kJ71tEYqM,4
1936,_G8gAVcbIE0,0
1937,jYe-RkLGsyA,4
1938,nbncJN4In84,1
1939,wJ9RyRBkgPo,0
1940,3SiWtAnUROs,0
1941,r9h_UfSqrDA,22
1942,tIeHLnjs5U8,-1
1943,8dfUbRDSeOI,0
1944,nmBwsBQRX9U,7
1945,tFx_UNW9I1U,-1
1946,FpvnF7_-tW8,0
1947,Y99ulujCheY,-1
1948,qIvkEEIA7dA,-1
1949,nK9g6lFte6c,12
1950,-hTmsyPOJhw,6
1951,GXTbZmzeubo,-1
1952,sPwf1zVifuw,0
1953,bn8rVBuIcFg,-1
1954,3Pu_ZUDCxPc,0
1955,Bi3Js2L_Jz8,5
1956,mdtWP3sjgys,3
1957,OLmylvitvVM,4
1958,8Vd3lDAo6m8,-1
1959,TGTn4JPPkoU,-1
1960,Beh13Cd_QbY,4
1961,FdaJTz3XSJI,3
1962,b4MUt3X1fS8,-1
1963,M20q9Qty0g8,1
1964,MCZkrQG2dM4,3
1965,ZMbAmqD_tn0,-1
1966,P2uDQiTz5Ss,4
1967,9RxkWxdea6E,3
1968,tSn4LfNeBQI,3
1969,NTJeGNGQVCQ,-1
1970,JO9Wn4qQF3A,3
1971,0UlN2dtCxEg,-1
1972,BTkXas77jeg,-1
1973,qXZt-B7iUyw,7
1974,R7PrNM_NGlk,3
1975,2HYemjTSxp8,-1
1976,uuud5GuUgRs,4
1977,lqsd4Zh0BMc,7
1978,LPnhVQ5ytaQ,2
1979,OI1vPRfnN2o,4
1980,xcODUk0o6tU,0
1981,5UkCTdN4m5E,-1
1982,IMrwjn9rwQc,0
1983,JJCq21Dc-Us,1
1984,s-s9ilkMVj8,0
1985,Z5F71NxMGjA,4
1986,O5976Ivj0m4,4
1987,Mb1srg1ON60,0
1988,JgHcd9G33s0,1
1989,v74uF9P_UKM,0
1990,CpnAAuk47Xg,2
1991,4Uh_1swSyGU,2
1992,aiKFBPiquxg,1
1993,2ePf9rue1Ao,-1
1994,Acx_Hcvh2g8,0
1995,gKvkUvdiCuI,1
1996,2oRcTPKw4sQ,3
1997,jLL_dPD1o3o,-1
1998,Yj7sIK0VMg0,0
1999,ho9vNL4MYZ8,-1
2000,iDBBVMptlZY,3
2001,MANy8G2Uar0,2
2002,9dFA8ZXFJqg,2
2003,-bfdkSDx5lE,13
2004,K_YSLLnnmUc,3
2005,_gqNo0kGUB4,0
2006,0IGLgzLuobQ,3
2007,N9Jc90AbcXc,3
2008,nU1UuXQ-xp0,0
2009,A2s55rkqn40,1
2010,PLzsk-5RnzA,3
2011,L-BX5AjGhlw,-1
2012,-NQw6NIN4wU,1
2013,hbahJFVrhmA,-1
2014,465IlT3UqCc,3
2015,CpxrsLkmYDI,3
2016,5ZQ9R8UVxik,13
2017,ii-FfE-7C-k,3
2018,Si4dvBbWJDM,0
2019,UDQ2gJZqqdE,-1
2020,HtxuSwqAwrg,14
2021,RgJBjSKfUnQ,3
2022,8MjIU4eq__A,-1
2023,KcBBkgjSz6c,0
2024,Ki9dVIK7Ws8,-1
2025,68lIfswwG2A,-1
2026,myba9Brsg6Q,3
2027,jBlTQjcKuaY,-1
2028,qyvlt7kiQoI,-1
2029,DUwDqSY8StE,-1
2030,P0o7W9gnijQ,-1
2031,OKaEbnmZ0PU,3
2032,fpOKLmZLTt0,4
2033,Mw9etoRz0Ic,0
2034,mlxoB3wI9eY,-1
2035,-sVLOR03_7o,8
2036,2aVo5pe8LaM,3
2037,QX9aJn__bCA,1
2038,tL_Crk4m8Zk,0
2039,xBGzzvTg9pY,3
2040,MT7M6vQPOno,23
2041,NVycFtOVTy4,3
2042,rpwwu2pkhbc,0
2043,4L86D_fU6sQ,0
2044,7cD-CTZuaHo,1
2045,Uij_U5R2b5c,-1
2046,c9xOix-SsGY,4
2047,HHmKOoABNWQ,3
2048,EYeF2e2IKEo,0
2049,XXnWKJ21Tx4,-1
2050,Xw3bsh0tWFU,-1
2051,Z7ASba6OxF8,-1
2052,UZd5-YEjk5Y,3
2053,Z7dZWbMtlY0,-1
2054,DAcCNtabe70,3
2055,7qYg9Il-pgA,3
2056,QhRLsssQoeM,-1
2057,iqHP1NVto4w,-1
2058,A2c7puTOANM,0
2059,PqF7C-8Bo4A,2
2060,BQ2R7gofSoU,2
2061,oLxXOEP34i0,-1
2062,-Onx6y3fTzo,1
2063,3m-R8G_NT3Y,3
2064,CtQoOZFpfgY,3
2065,dv9q7Ema40k,0
2066,VF2D9hEV1cE,0
2067,RhDFKyh5tf8,3
2068,zkzn8H-NTfw,4
2069,4yGfvx_rlK4,3
2070,p5M8R8KDnzw,2
2071,E4w1FpkvVYc,0
2072,60qzgcJObyY,0
2073,gMa_QHSAxOY,0
2074,C3s35OlzHyc,0
2075,tDhD0fzaU00,2
2076,sUEKoEgwN6Q,3
2077,3c0Vd5FxPks,-1
2078,mJeNghZXtMo,-1
2079,9NQW3ZrnOp8,0
2080,KHAu5A_flcQ,7
2081,ltQigQ3Nkf4,0
2082,JeU_EYFH1Jk,-1
2083,1C7YwDzlElM,3
2084,573lcx41NNQ,0
2085,4oPpSFp87iE,-1
2086,p_CeELTnWuA,4
2087,pTHBZ6AyzOg,0
2088,Bmokxgp8ttw,-1
2089,GK5ATUhdH74,0
2090,JT2viTz_0jU,3
2091,J-guci0Exz8,3
2092,nGz8GyyVI_w,0
2093,vcPNp21Mdg0,0
2094,a5fJvL6NM-g,3
2095,ajeTYqhRHno,-1
2096,B7_yW-ZSZoA,4
2097,e-QHuGQhd1E,-1
2098,-Ig7FDOMCNk,-1
2099,lXY6dmYV_PQ,-1
2100,jPmG2Z-X_DI,4
2101,YSQRWOy2Om4,-1
2102,A1kgMEs_ALI,21
2103,lLeRcD1zh2w,0
2104,DKSZHN7jftI,0
2105,XCNeTSBXIBk,15
2106,HcfnJUsQMtY,3
2107,KZq9U-E6uPM,15
2108,rbH2R6ZbZ1U,1
2109,jFHPEQi55Ko,4
2110,GA5i5M_Bh50,1
2111,cVNHsgKHOQQ,1
2112,ADdaJ5OiTXQ,4
2113,y3UKZPFgPW4,4
2114,Sqa7oFFL3VA,4
2115,gIqCCx3hRL8,0
2116,MFOyWbnmysk,2
2117,rQEh7d-qa38,-1
2118,ttIOdAdQaUE,-1
2119,Hdd9tcs6Jwk,0
2120,TpMIssRdhco,3
2121,YRhxdVk_sIs,-1
2122,QmPopGkpsnY,4
2123,gVWdxk4QjEM,-1
2124,1bHSTq4J25Q,4
2125,RCApqAN4oMc,4
2126,4gcDNtvXHPM,3
2127,CMrHM8a3hqw,0
2128,WmEpKFPVv2A,-1
2129,kkq3UWprxbE,-1
2130,aUlYe0Rka1o,2
2131,nuE8-MIdE5E,23
2132,f_nL0xa7fyI,-1
2133,sUc5zYwxOPA,6
2134,GweFbcPlJXg,-1
2135,fpSdY53bL-M,2
2136,sTx8AxTsCVA,-1
2137,P89IT5LsReY,2
2138,-EOD19KMfOo,3
2139,Lu56xVlZ40M,-1
2140,Bcgms_xkpSg,-1
2141,IYkoW9pXxRc,0
2142,vC-MvzOk400,3
2143,TVlHfNKz-LM,-1
2144,-017yX3f0W0,-1
2145,hDBBpSUHLNU,4
2146,NU1OQStNLkI,1
2147,xvhOZLMaquY,3
2148,IX0Id-tnZ0k,3
2149,TO0J2Yw7usM,-1
2150,YAMhxfUcfSA,2
2151,vbSDYVKIOB4,-1
2152,TI6aX-yU2tA,-1
2153,-3xb_bAaJ7M,1
2154,ihN44PjewTs,3
2155,Iv-l2Lbjx-Q,3
2156,Wt6dPvV74QM,-1
2157,HcSkBf5EYcg,2
2158,uBV0w8Qwhv4,0
2159,uXbi3JqZiGA,4
2160,UZ2nR_4v7cQ,4
2161,PX6sS2oV2zM,-1
2162,f4utF9IcvEM,1
2163,6JhgNG1uuoM,0
2164,P2zdHfVj78Y,1
2165,OmQiLvnY3WY,1
2166,OLQVeBJrvXk,3
2167,AjUhZsKgNlo,-1
2168,wcF1PEYnZWk,1
2169,zxzuYDf2B0s,1
2170,zS8iLeEtFJU,3
2171,KZXpdmLG6vE,0
2172,cyIINCqyi5g,0
2173,ZZ9Uzz-pefM,3
2174,_PDG1NYyMgY,3
2175,vQAikvMc49s,3
2176,3Pc33647_FI,-1
2177,AALBGpLbj6Q,-1
2178,FXdZm1EdiVs,3
2179,EBLVAMuaAwA,-1
2180,_AVBG6pgPhs,1
2181,aZfaDlRfMg8,3
2182,MtZ_12O9ywA,3
2183,CgDxV6uwbKM,-1
2184,Dzrh2uQgHiY,4
2185,pv9GF281Dp0,0
2186,uDE3tlI_7fs,3
2187,PZQMyj-9z-w,-1
2188,tRniOrgpI1g,3
2189,QB09BPiD_x4,3
2190,gvcbOSAkF2M,-1
2191,yI18t6suGVw,0
2192,a0_lo_GDcFw,-1
2193,fjovshfXCo8,0
2194,ZojOd3Me56Q,2
2195,oud4tR5sdC0,1
2196,D85fM2B997k,4
2197,AHueoEI4d9s,3
2198,Vdub4joHpPg,2
2199,aircAruvnKk,-1
2200,x8FHHH3flKw,-1
2201,WZOAtnI8u_g,1
2202,qB4HGMvrhwE,14
2203,Anq4PgdASsc,-1
2204,HyZhanswBBw,3
2205,a7RAfQzm5tY,4
2206,9TkafILavk0,-1
2207,gA4Mqmxwxys,3
2208,uP-eXrc44tU,1
2209,t4K6lney7Zw,-1
2210,-bu9x-UT0yk,24
2211,BR9h47Jtqyw,-1
2212,HIZYT9FdgoM,3
2213,JA96HYle9Ck,7
2214,qR3ji24PJ30,8
2215,yCYtp5jm7_o,-1
2216,ZbiQns2n0qI,-1
2217,k5vWj1qJw0I,1
2218,UOzOiIdLSFc,4
2219,cLLsc4Hlo-8,1
2220,8EHyru1qA2U,-1
2221,INVL7kHSUXs,3
2222,32YgTYMhT4o,-1
2223,V-OLZIpxtXY,0
2224,-cT1m6NZYWc,0
2225,HkS3cG3jCt0,1
2226,_XRCAMf9EDQ,4
2227,iI4ak7wSoTM,3
2228,hJP5GqnTrNo,-1
2229,56MD5YtKo0c,0
2230,FbhVtb7WlhI,0
2231,53K1dMyslJg,-1
2232,6kStxWm-nqI,15
2233,MMIsbl3DIL8,-1
2234,SEdbv4L83ys,-1
2235,yd_j_zdLDWs,-1
2236,tr6aatJL84A,3
2237,VNz3KGoAhG4,0
2238,QFvsaXO1LqI,0
2239,WGmath2RrYM,-1
2240,_po6xnKB72w,3
2241,AtCTU5NcIVU,4
2242,-8qzzN7CWxA,5
2243,Ei7yLJd7cy0,2
2244,qhhcj9ylUts,4
2245,msDxUAyGVx4,2
2246,oOUI8agoWLA,-1
2247,kdPwaWATYKg,7
2248,ejgscF9VvJM,3
2249,_JSR6e-4R-w,0
2250,nCIv6BToTxs,1
2251,uOvovORN4qo,5
2252,UJhtLygCt9I,3
2253,Oc_fVq5urv8,3
2254,0PrOA2JK6GQ,-1
2255,j6EB9HO6acE,0
2256,z3RbnbQANqM,4
2257,3K-vJlVMi5A,0
2258,EKSwyVqLL4s,1
2259,J69Pm2orvcg,2
2260,mQRrdHZJgzs,3
2261,Aof4BxK0UlY,-1
2262,bLak-_CnJTg,1
2263,ikowCJ4hbUE,1
2264,K1JQiJOQtno,4
2265,LE129eJqPHI,3
2266,K8Y4i5yXgcc,13
2267,NHszJiL-9pM,3
2268,xnt5ItUrBho,-1
2269,1wzPr4cUoMQ,-1
2270,xlIspq4bR6o,-1
2271,zfiSAzpy9NM,0
2272,MPHQrVT97rY,2
2273,cDhAm6R_lpE,-1
2274,z7a_pYs0pxU,1
2275,ajCQW9bI4nA,-1
2276,puB-4LuRNys,0
2277,xFGGksGUVcg,3
2278,7BPYHKmEsQ8,3
2279,2jk1kesj98g,26
2280,jaeNlxhQL1I,15
2281,BOTElbtqG7M,2
2282,tOqBBOjfXxw,4
2283,28O3Y0PYnoQ,2
2284,pGlQLMPI46g,1
2285,aJyXi79_K1k,-1
2286,VgFz0qdBz1E,0
2287,DoHa16qc96w,0
2288,Mpg5B70PCUQ,18
2289,nfc1F_9qCv4,3
2290,FmS3iPmkRXM,1
2291,cqE6WS2GFzA,0
2292,blUiq8Ha0n4,3
2293,uMtmhzLGzrQ,-1
2294,96k0sncyoXA,20
2295,vwTAi5zMyIU,8
2296,V1YjZvxfwzo,1
2297,GAyaQgfZTcs,-1
2298,ugmzuS7K1TU,-1
2299,fXI5y3o3-yc,1
2300,gFje4cwyUek,3
2301,yiXAmkimZRQ,-1
2302,cT8igWvi1FY,4
2303,FoM8dmFvNU0,3
2304,vNY-BET-0K0,1
2305,_XmGyd4smUs,2
2306,bnn3fiC45VM,2
2307,5P9clZaBcL4,0
2308,4HKqjENq9OU,-1
2309,W01tIRP_Rqs,4
2310,1HF1FldZ5xk,-1
2311,Y4qO9unerGs,0
2312,mxfElhVLeBI,3
2313,tRSoCOnK_hw,2
2314,zmIzNBMsQYQ,0
2315,K-A2aZ5XbfI,0
2316,MGINDYMsWYc,1
2317,5OneHs9GV0Y,1
2318,j-3vuBynnOE,0
2319,y7k-zCvOYxc,0
2320,UbSf1uPQMeY,0
2321,BjdpKNRVuvY,21
2322,-zOtLTSmJ-M,3
2323,oVsLAlw3Bbk,-1
2324,1Lnq9jMqWmo,1
2325,00RRIcDpBs0,4
2326,kIW55BCx0ik,4
2327,_d3xs1L4jeA,1
2328,R94JUxU5YYI,2
2329,RxvxFq3V-m4,20
2330,73RL3WPPFE0,-1
2331,RlPHrv7Oqg8,26
2332,2Tp3aSz8jFE,-1
2333,ck2oTYOZxj8,-1
2334,vD09QHzlVuc,3
2335,kSZG84NBLak,1
2336,MyZOtQCT0Bg,3
2337,cz42Db_PkO8,3
2338,mJf_vJK6STY,0
2339,jbgPc4wwGso,4
2340,c0m6yaGlZh4,-1
2341,X3paOmcrTjQ,-1
2342,WiC7ZS3g72g,2
2343,eVFl0JEUjcQ,2
2344,adSe9TCuZYs,3
2345,CfpsMkRSsVg,-1
2346,OASTvqNGspE,-1
2347,hsTkXqFz1rk,0
2348,jTW79fCanW0,24
2349,kUcSgSzuRSs,4
2350,7q8XQSUeUPc,0
2351,8w0IftYUxRM,-1
2352,E1yyaLRUnLo,0
2353,ZDC4KAJq6wQ,7
2354,xItXrrURG2k,-1
2355,wl0FGO5r2z8,-1
2356,ldrm8XDC7ro,13
2357,1v59j3XfmKs,11
2358,PzEWHH2v3TE,0
2359,nLO7-XIldmM,3
2360,P4o8AonCFhI,-1
2361,yZ6cELv8OZQ,-1
2362,UYjevrtucQk,2
2363,ER2It2mIagI,0
2364,RZo7a1Sq04Y,-1
2365,wSdeTPB6d4c,3
2366,Yza_fkmye44,3
2367,cXecxz-5ztU,2
2368,g4ZmJJWR34Q,-1
2369,FSit9d_2gWw,2
2370,S9ODucQBkVU,21
2371,DhoqHUcMTtA,11
2372,7fr1QsjL0UI,3
2373,KKNCiRWd_j0,-1
2374,snYHLqEtheI,0
2375,DJTSRmZFTzk,2
2376,2iHaSVEadiI,0
2377,lX7f5Lt_V70,-1
2378,wrf3bg5hwEg,3
2379,Lt6XnO3t7QU,-1
2380,szdXDuBl4xA,0
2381,WvoLTXIjBYU,0
2382,9JVc06hC1RQ,1
2383,PEJe8L2jwdE,2
2384,VP4od8-_EyA,2
2385,-SgkLEuhfbg,-1
2386,ERa3XqM6iR8,1
2387,23FXEhZtR0k,3
2388,6XfvBb2L01Q,0
2389,AE5jAZ7WgVU,2
2390,ZTNbca0tz_4,-1
2391,EfIEKqRtT-A,-1
2392,9g1ydi946io,19
2393,fRaNmO4skfQ,3
2394,WlxvuJZEIJg,-1
2395,wdh_lKX3Y0k,-1
2396,CpeL5Hb7T9U,13
2397,btLxTTkSZuY,1
2398,5koExepUUL8,0
2399,jBaH_g4QKAc,4
2400,Q9X_NGyYN3M,13
2401,I2ZK3ngNvvI,1
2402,x2y9DikMOg8,0
2403,amfEhMf79vg,10
2404,lTzHlU3OrXs,-1
2405,04S7al5_t9o,2
2406,HErQNTkBtDk,26
2407,de-Ix7D00P8,-1
2408,6sptoefvlew,-1
2409,e8EoQqSF5_E,-1
2410,jh5U5BnpGN8,3
2411,WJmLwBvyLsg,4
2412,p-QY7JNGD60,-1
2413,xHqNllq0WQo,0
2414,UVPHxIjhHH8,3
2415,LZA2xTpvWvI,16
2416,y-FfwQx0SUs,16
2417,EDY_5WQVxcY,2
2418,mTHCXGPWbbo,3
2419,NiY32wS2UVw,0
2420,3c5xkom9JnI,-1
2421,M_KyeqjEG6Y,2
2422,SZorAJ4I-sA,-1
2423,dw4UVzKQOnc,5
2424,6RdEnxEjoKo,11
2425,KytW151dpqU,-1
2426,VqFqWIqOB1g,-1
2427,K9EDnC8DCEo,3
2428,RzkD_rTEBYs,-1
2429,clKpYmv3jRg,-1
2430,1X8Tu6TmKhY,7
2431,g-K4rgtFgSs,0
2432,6io0uTtgVqs,3
2433,NsXJ1nMp2ks,3
2434,q4IqM1WEvsM,2
2435,JGw85BXQrvg,-1
2436,KIjAWIE8Ito,3
2437,TEk74E1lNpc,-1
2438,2kzkARUQ7Fg,0
2439,QO-93tY4YWg,0
2440,9D3L2hPmAPQ,2
2441,bBuCKzLTLeA,1
2442,-HizP4UQvug,3
2443,1qQ85yvyLhY,0
2444,taC5pMCm70U,0
2445,qCWRnzT1riA,-1
2446,fWTrJ-st-H0,3
2447,O464TUheNUs,4
2448,nfvYeGTZyS8,-1
2449,-a61zsRRONc,-1
2450,OxSiooVa6iY,3
2451,b_--xrN3eso,4
2452,rEifhfnNUEE,2
2453,CXtN2fik8L0,0
2454,RO97N0ERJ3s,2
2455,RoHxBZawaPY,-1
2456,bSq-UUXLa1g,16
2457,XiUlqN1Ay0U,4
2458,N2ddftN4vXc,4
2459,1b4gDSodMwo,1
2460,pn8Jp92tCGE,-1
2461,Ai0INe_deqY,0
2462,JiqNWCGzd9s,16
2463,ni6pkXT8r9c,12
2464,2VitSeNpdJg,0
2465,sfn0edwl0hY,-1
2466,EWw0dTjQ30w,4
2467,mQ-Bxazo3rM,2
2468,xvHCVnIlRps,-1
2469,QXXS8Veyzfg,9
2470,jNGsrhDhOjg,-1
2471,wD6-My8mL-U,0
2472,rvWqIn5w_gQ,1
2473,zIJRWjmW-GI,4
2474,7z1K3ih7YDQ,-1
2475,hsR950x3SPs,2
2476,ieBDpJSHTRI,3
2477,6jYQ1PlMklQ,-1
2478,U9Xj6Tpmxx0,3
2479,VoJVvfTnxxs,12
2480,2nrrSwwOyqo,2
2481,auR3R__PH0Q,-1
2482,r07Sofj_puQ,2
2483,88jjjqGnkhw,-1
2484,7txPRiHWS5I,3
2485,M8S7tza6yDY,0
2486,TfkHrvct1hg,0
2487,I7bgEdeOAfs,2
2488,sRcGT0LkJTM,-1
2489,76h2lVLHn80,1
2490,getSb9Nwp-4,-1
2491,AcBPniWBmqk,0
2492,4I284KJ8K5s,1
2493,1qgD0-MpWLk,1
2494,ouOsSun_ktY,3
2495,n3MvV8Re3wc,-1
2496,ebnZuV0yEh4,-1
2497,_8xVNtpqicU,2
2498,C6YtPJxNULA,0
2499,hBQ82vPjsWw,3
2500,wysf6inECRE,2
2501,OgPYgzSk41M,4
2502,urRbQ-xQCLE,3
2503,8agnf7XvEDk,0
2504,Luhw_Egnx4Y,3
2505,n-mkhB2ZWcE,3
2506,_Q3ELfNS_kE,4
2507,RvZbObFiTJY,-1
2508,qpfAAo9D0F4,0
2509,RWvt5zgCyPo,-1
2510,OjekUjlxN4A,4
2511,WbWQ7JwAfVI,-1
2512,tPYj3fFJGjk,-1
2513,HYuk-qMkY6Q,3
2514,AqDDGuG-d90,0
2515,Utwnm2kjYAM,4
2516,9TMMNO-F4MM,3
2517,Aut32pR5PQA,-1
2518,HbJfWWx4GaA,3
2519,kCm3AczFRE8,-1
2520,m3CkutAQ9qk,1
2521,QDX-1M5Nj7s,-1
2522,-3Yexx70g24,0
2523,KB45rBClgmA,-1
2524,d2nLCpGEUlo,0
2525,gQO_lQH0J-k,1
2526,t6Yq0mRBzXg,2
2527,g-fk3RQiw5Q,15
2528,g0LcTumW4es,-1
2529,3lx5YR9G8dk,2
2530,6EwaGd321Pg,0
2531,ze92M6xM9Dg,1
2532,WQt4H1Bo0jM,-1
2533,Obe-xxes7zU,3
2534,qGHiq2XcyHU,3
2535,kJdta28q7vg,0
2536,mQce-rSBLyo,0
2537,xJnyGV-Ecsc,3
2538,0_5g5VWMt6I,0
2539,P7I34g11taY,4
2540,du5fyS44DR8,0
2541,7V_AebZFlpo,0
2542,Io-gm1eFsuY,0
2543,Pwjb0q-4hmU,-1
2544,T9NtOa-IITo,0
2545,aGysrU6jIJo,4
2546,yCXm5cgG0UA,0
2547,3eNIXxnS170,-1
2548,YaP8EHXWOwQ,5
2549,UmFwybBiDt0,5
2550,rdlTI9pKK7s,0
2551,_x45I9nPBoU,2
2552,vr26vbRI-W8,-1
2553,29ZQ3TDGgRQ,1
2554,ZErByR36HvM,-1
2555,3Ud-BMOCkDI,-1
2556,UqnqHuXYhow,0
2557,ubjZfepfSzw,-1
2558,G2fqAlgmoPo,-1
2559,lIijYIlIfdY,3
2560,Vosrb7ro9oE,0
2561,fHF22Wxuyw4,-1
2562,oCn3Kc08St8,0
2563,IbGH4TXJmWw,0
2564,cJJ0nN8lquI,3
2565,LNrBcDfUhq0,0
2566,-JlxuQ7tPgQ,-1
2567,SqdjhHNys8c,3
2568,g1aRope4Feo,4
2569,7OkaJhh8Tfs,4
2570,jztwpsIzEGc,1
2571,mp3TS_Me3Kw,5
2572,IyuCwMjNb8M,3
2573,9gKwux0r0KY,-1
2574,X2r4cKduBk4,3
2575,DcEhNsMEbE4,13
2576,kjNH8o91pQE,1
2577,5Vw4DZrMBhg,3
2578,tECZCCGeBcA,-1
2579,rwW2T6BrPPY,-1
2580,uhg4hij2ylc,4
2581,TaOputGR-vY,2
2582,kus6lDotusc,3
2583,2qLN5CamUAs,3
2584,YHnpagQnqZ0,1
2585,0W7KJZuG8es,-1
2586,oHrVEdgInIs,2
2587,Bwde68YfBPg,18
2588,i6TtgHLprZ0,-1
2589,229EZL0xqFQ,3
2590,XoG1IaTgL64,3
2591,cHbVM49j9AA,4
2592,78Js-WmUV4I,-1
2593,7Y6n5zBCzMo,-1
2594,2O3dzzrhpRw,1
2595,tj-4kPIiceA,0
2596,uPbC37UcIAQ,3
2597,FaLHk-pxj4w,4
2598,lMX6YuPrVaM,3
2599,iMfWq3KVTbY,-1
2600,GwIo3gDZCVQ,-1
2601,dafuAz_CV7Q,-1
2602,SFf28Vh6pig,2
2603,Kve_Z8O-eaE,0
2604,uBsed3gGBIs,-1
2605,kQPC4_DsJ8I,0
2606,fGxigPisSFA,0
2607,7ayMKKnMx9U,3
2608,Eg4vYqPoKt4,3
2609,5RdvsoXBqKw,2
2610,VzZ66c-6TkY,16
2611,ffM-DZAedHU,1
2612,XQXqj0-6suw,-1
2613,hSPGSoi59sQ,1
2614,kFGInxJKFWw,-1
2615,6RTJbbAD1uw,0
2616,Hzh7zjOXzCU,14
2617,Od6kJF2bgaA,3
2618,ZdpiYei6m0w,3
2619,tCVXoTV12dE,1
2620,CvZA33qWBZ0,-1
2621,1LLxZ35ru_g,-1
2622,nq8la9qknx8,-1
2623,tjYvx_xidF4,-1
2624,A2XGFqj0WJc,4
2625,ZsM2z0pTbnk,4
2626,T88FRCwsF0w,-1
2627,nnzu0CRL_q4,2
2628,fkx7Yl2XeI0,19
2629,6XLCNoyWt5Q,1
2630,uDaypv0KP_M,0
2631,63Gxpf7uT5o,0
2632,SWjvMcMcFe0,-1
2633,MYWpaNYAo0o,1
2634,yN7ypxC7838,0
2635,XW0YptcgZSk,2
2636,JGsgOpeINrw,3
2637,QQpymSlI2pA,-1
2638,TqU2kkan2yw,3
2639,-JejYdrFh08,0
2640,tPAhZLO6TXg,8
2641,lzGKRSvs5HM,0
2642,wjZofJX0v4M,-1
2643,Sqa8Zo2XWc4,-1
2644,Ra3fv8gl6NE,-1
2645,slYsaoWGNEo,3
2646,j7K5FBCJFDg,1
2647,sjjGSKBVArE,0
2648,m_UvS3Y-ORw,3
2649,l80uyrV1v_w,-1
2650,HqAvt0IYV4g,-1
2651,l5nTlHeqYOQ,-1
2652,oqswdUNXloc,4
2653,-qigKoby7bc,13
2654,z68P6w3Keus,3
2655,DhkZG5191m4,3
2656,yrSHC81kqpw,-1
2657,bS85Hfg-jts,2
2658,_tijHjup-gM,1
2659,fjrhun6vZQg,0
2660,IVs71LPNfrM,-1
2661,fSytzGwwBVw,-1
2662,l3BmfeiX2lc,13
2663,y7AKtWGOPAE,0
2664,5Z9hmN94ZNM,0
2665,ObbTLep4Hxo,3
2666,RybLMl3Qv7Y,2
2667,nuYeZw8m69Q,0
2668,hkagmGAu74Y,1
2669,61rJFFfgBxw,0
2670,K4ZWapj7n64,0
2671,-omc5kDvPyM,0
2672,3PbEgLw6lJ0,25
2673,vljP9-1jT3s,-1
2674,Al4bwR--BgY,0
2675,Izd2qOgOGQI,-1
2676,qaw8Dp7jtT0,-1
2677,I7Uqlv1WX18,3
2678,B2ErLJ_jI_0,14
2679,-cN8sJz50Ng,-1
2680,H6du_pfuznE,0
2681,Am2CWHt3vdI,-1
2682,I9FOswjTSGg,-1
2683,zAfLcKrbSps,1
2684,7ffDUDjwz5E,0
2685,X5FFc-EVz2Y,8
2686,qvbZmxUbGaE,0
2687,hNA9nbGAdLU,3
2688,LIaSxiL0aHc,-1
2689,AKRmdmEaPiY,4
2690,BkedAnQfJ_U,0
2691,Y2FOUg_jo7k,1
2692,DoTpNTrj6d0,0
2693,9gmeVAmsTW4,3
2694,uuh7spVdf0c,-1
2695,_y0N7Eb-1MA,3
2696,e8jbLgXLz4Q,1
2697,Bm6CAjVtrIw,-1
2698,rUWQmB8PKrk,-1
2699,atiYXm7JZv0,-1
2700,plKAsDIiEJo,2
2701,89s3NlyzUgw,0
2702,cyQYhs8QS-U,4
2704,ZQazWxegNm8,0
2705,Fv_LGQKgWi0,2
2706,ay4Dzo8v_sc,4
2707,CkG15bX4z90,-1
2708,Y0JvDPdpU1c,4
2709,-LEtGqNzalc,-1
