videoId,title,description,publishedAt,thumbnail_url,tags,live_broadcast,categoryId,viewCount,likeCount,commentCount,licensed,duration,caption
OZvTy_qRaTY,+60.000‚Ç¨ al mes con Inteligencia Artificial (18 a√±os) | Episodio 013 Anas Andaloussi,"Hoy hablamos con Anas Andaloussi, un joven emprendedor que con solo 18 a√±os es experto en Inteligencia Artificial. 

Tambi√©n es el fundador de Escribelo.ai, una herramienta para optimizar el SEO de las p√°ginas web y con la que en menos de 6 meses est√° facturando m√°s de 60.000‚Ç¨ al mes. 

Empez√≥ con solo 13 a√±os montando y vendiendo paginas web, y desde ese momento, no ha parado.

La Inteligencia Artificial es el presente y el futuro, Anas nos cuenta por qu√©.

Comunidad 1337 Corp:
1337-corp.com 

Newsletter #1 hispanohablante: https://1337-corp.com/newsletter

@alexhawkers
@aleksnchz
@oscsa
@anasandaloussii
@1337.corp",2023-07-16T18:00:22Z,https://i.ytimg.com/vi/OZvTy_qRaTY/default.jpg,"['anas', 'anas andoaloussi', 'inteligencia artifical', 'escribelo.ai']",none,22,95524,1860,179,False,PT1H59M37S,false
aFP1oIiynjs,Jay Alvarrez: El Primer Influencer del Mundo,"Agradecimiento especial a Nivaray Media por a producci√≥n del podcast: https://instagram.com/nivaraymedia

Sum√©rgete en la vida vibrante y aventurera de Jay Alvarrez, el influencer que ha conquistado las redes sociales con su esp√≠ritu audaz y su amor por los viajes. Desde sus inicios en Haw√°i hasta su ascenso a la fama mundial, Jay comparte en esta entrevista exclusiva sus experiencias, desaf√≠os y los secretos detr√°s de su exitosa carrera en el modelaje y en las redes sociales. 

Ya sea que te fascinen los viajes a lugares ex√≥ticos, la adrenalina de los deportes extremos o simplemente te intereses por la vida de los influencers, esta entrevista te ofrecer√° una perspectiva √∫nica e √≠ntima del mundo de Jay Alvarrez. ¬°No te lo pierdas!

@alexhawkers
@aleksnchz
@oscsa
@jayalvarrez",2023-06-25T18:30:00Z,https://i.ytimg.com/vi/aFP1oIiynjs/default.jpg,[],none,22,166854,3544,169,False,PT1H58M6S,false
tKAYPZUNiv0,"Ilia Topuria: Josh Emmett, Su T√≠tulo Mundial y Su Mente Prodigiosa","En esta exclusiva entrevista, nos adentramos en el coraz√≥n y la mente de uno de los luchadores m√°s prometedores de la UFC, Ilia Topuria.

Desde sus humildes comienzos hasta su ascenso al estrellato en el Oct√°gono, Ilia nos comparte su apasionante historia, sus intensos entrenamientos y la dedicaci√≥n inquebrantable que lo ha llevado a donde est√° hoy. Descubre qu√© lo inspira a seguir adelante, incluso en los momentos m√°s duros. No te pierdas esta oportunidad √∫nica de conocer a Ilia Topuria m√°s all√° de sus emocionantes peleas en la UFC.

Suscr√≠bete a nuestro canal y activa las notificaciones para no perderte ninguna de nuestras entrevistas semanales.

CRONOLOG√çA
00:00 Inicio
01:56 Qu√© se espera Ilia de su pr√≥ximo combate
10:31 C√≥mo es la dieta antes de un combate
16:01 La pol√©mica de los pesajes
19:12 Qu√© har√° Ilia despu√©s de su carrera como luchador
23:23 La personalidad de Ilia 
28:03 Las apuestas y los combates
33:57 La motivaci√≥n de Ilia
46:35 ¬øTiene Ilia problemas de ansiedad?
52:27 El respeto de los luchadores
59:25 C√≥mo funciona el sistema de la UFC
01:03:17 La disciplina
01:09:00 C√≥mo Ilia puedo entrar en la UFC
01:19:50 El autocontrol de los luchadores
01:22:55 El pu√±etazo de Ilia a un fan
01:24:49 Qu√© opina Ilia de los combates que solo son espect√°culos
01:26:27 ¬øTiene Ilia rituales antes del combate?
01:34:36 Los planes de futuro de Ilia
01:37:00 Con cuanto dinero al mes puede vivir una persona sin problemas
01:45:45 Los negocios y Ilia
02:07:42 Los problemas del jet lag y los viajes

@alexhawkers
@aleksnchz
@oscsa
@iliatopuria",2023-06-11T18:00:20Z,https://i.ytimg.com/vi/tKAYPZUNiv0/default.jpg,"['ilia topuria', 'alex hawkers', 'hills', 'podcast ilia topuria', 'podcast alex hawkers', 'hawkers', 'podcast hawkers', 'ilia topuria ufc']",none,22,365289,6552,522,False,PT2H22M16S,false
8BW9FZGRc2w,Adri√°n Mateos: el Rey del Poker Mundial,"¬°Sum√©rgete en la fascinante vida del jugador de poker profesional Adri√°n Mateos! En esta entrevista exclusiva, Adri√°n nos lleva por un viaje lleno de apuestas altas, desde sus primeros d√≠as aprendiendo el juego hasta su ascenso al estrellato en los m√°s importantes torneos de poker en Las Vegas.

Adri√°n comparte detalles √≠ntimos sobre su carrera en el poker, incluyendo c√≥mo se inici√≥ en el juego y c√≥mo logr√≥ alcanzar el √©xito en un mundo tan competitivo. Con sus historias de triunfo en los torneos de Las Vegas, entender√°s la verdadera intensidad y emoci√≥n de ser un jugador de poker profesional.

Adem√°s, Adri√°n nos ofrece una visi√≥n √∫nica sobre el lado empresarial del poker. Con su conocimiento y experiencia, ofrece valiosos consejos para aquellos interesados en el mundo del poker, tanto a nivel de juego como de negocio.

No te pierdas esta oportunidad de aprender de uno de los mejores del juego. ¬°Dale al play y ad√©ntrate en el mundo del poker con Adri√°n Mateos!

#Adri√°nMateos #PokerProfesional #LasVegas #NegociosDelPoker

@alexhawkers
@aleksnchz
@oscsa
@amadi17

CRONOLOG√çA
00:00 Inicio
02:28 El comienzo de Adri√°n en el mundo del poker
12:36 C√≥mo funcionan los torneos de poker
22:28 C√≥mo Adri√°n se prepara para sus partidas
30:31 La dificultad psicologica del poker
34:19 Los espa√±oles en el poker
35:22 Puede cualquier persona ser profesional en el poker?
37:25 Ha llegado Adri√°n a un limite de conocimientos en el poker
47:48 C√≥mo son los grandes torneos en Las Vegas
54:28 El supuesto tiroteo que vivi√≥ Adrian en un casino de las Vegas
01:08:16 Consejo para los jugadores de poker
01:16:22 Los negocios y el poker
01:20:34 El gran valor que posee Adrian
01:24:26 Comienza la partida de poker

Detr√°s de las c√°maras:

@bymarcopolo
@juandefrancia

Get Mount Everest by Labrinth and over 1M + mainstream tracks here https://go.lickd.co/Music

License ID: Kw1VAELM94M",2023-06-04T18:00:22Z,https://i.ytimg.com/vi/8BW9FZGRc2w/default.jpg,"['adrian mateos', 'world series of poker', 'poker', 'hawkers', 'alex hawkers', 'podcast', 'alex hawkers podcast', 'hills', 'adrian mateos diaz', 'european poker tour']",none,22,374050,12312,371,False,PT2H22M3S,false
9cq2vU7CQ6E,Almorzando con Clavero: La Oportunidad de YouTube y Vida en Los √Ångeles,"¬°Bienvenidos a un episodio muy especial en el que nos sentamos a la mesa con el famoso YouTuber, Pau Clavero! En esta entrevista, nos sumergimos en una conversaci√≥n fascinante y sincera con Pau, en el mism√≠simo restaurante m√°s antiguo de Espa√±a situado en Barcelona. Pau nos abre su mundo, hablando de sus comienzos humildes en YouTube, su incre√≠ble ascenso a la fama y su reciente mudanza a Los √Ångeles.

Nos sumergimos en sus v√≠deos e historias, explorando su proceso creativo y c√≥mo ha evolucionado a lo largo de los a√±os. Adem√°s, Pau habla de su relaci√≥n con su pareja, compartiendo c√≥mo ha influido en su vida y su carrera.

Esto es m√°s que una simple entrevista, es un viaje en el tiempo, desde el pasado de Pau hasta su presente y sus aspiraciones futuras. Prep√°rate para conocer a Pau Clavero como nunca antes, en un escenario con tanto car√°cter e historia como √©l mismo. ¬°No te lo puedes perder!

00:00 Inicio
03:39 D√≥nde comemos hoy
06:20 Por qu√© Clavero decidi√≥ irse a USA
20:09 ¬øClavero se siente encasillado?
21:23 Cu√°les son los objetivos de Clavero
23:53 ¬øHa cambiado el algoritmo de YouTube?
30:23 C√≥mo comenz√≥ Clavero
40:49 La receta para hacer los videos de Clavero
01:00:38 La inspiraci√≥n de Clavero
01: 03:35 El estilo de vida de Clavero
01:11:31 C√≥mo Clavero compagina su vida de creador con su pareja
01:16:23 El potencial econ√≥mico que posee Clavero con su videos
01:26:44 El proceso creativo de Clavero
01:34:18 El valor de los videos de Clavero
01:50:09 ¬øQu√© historia quiere contar Clavero en un futuro?

@alexhawkers
@aleksnchz
@oscsa
@hiclavero 

Detr√°s de las camaras:

@bymarcopolo
@juandefrancia

Get Mount Everest by Labrinth and over 1M + mainstream tracks here https://go.lickd.co/Music

License ID: wA0YLom3OqQ",2023-05-28T18:06:59Z,https://i.ytimg.com/vi/9cq2vU7CQ6E/default.jpg,"['pau clavero', 'clavero', 'alex', 'hawkers', 'alex hawkers', 'hills']",none,22,158372,5448,268,False,PT2H5M50S,false
L89yLlsT_ao,Comiendo Paella con Joan Pradells: Qu√≠mica entre Emprendedores,"En el v√≠deo de hoy, os traemos algo realmente especial. Nos encontramos navegando por las impresionantes aguas de Formentera, una joya del Mediterr√°neo, a bordo de un lujoso yate. Y como si eso no fuera suficiente, estamos en compa√±√≠a de nada m√°s y nada menos que Joan Pradells, el reconocido culturista espa√±ol.

00:00 Inicio
04:00 La marca personal de Joan Pradells y el emprendimiento
13:04 Ambici√≥n y exigencia
15:52 C√≥mo elegir un buen equipo
19:40 Metodolog√≠a y efectividad en la empresa
23:13 Entrenamiento y disciplina
27:08 Twitch
29:06 Contenido clave para crecer en redes
39:09 Competiciones y el Olympia
42:24 Preparaci√≥n previa a las competiciones
50:15 Cambios y prejuicios del culturismo
57:55 El balance entre la salud y el rendimiento
1:06:26 Visi√≥n de futuro
1:08:55 Los anabolizantes en el culturismo
1:16:50 Emilio Martinez y los inicios del culturismo
1:21:24 Powerlifting
1:24:06 Aspectos negativos en el mundo del cuturismo
1:27:00 Invertir en el mundo del culturismo
1:28:56 Rentabilidad del contenido en redes sociales
1:33:01 Entrenar diariamente
1:34:24 Mensaje y conclusiones por Alex Hawkers


@alexhawkers
@aleksnchz
@oscsa
@joanpradells

Detr√°s de las camaras:

@bymarcopolo
@juandefrancia

Get Mount Everest by Labrinth and over 1M + mainstream tracks here https://go.lickd.co/Music

License ID: wA0YLom3OqQ",2023-05-21T18:00:11Z,https://i.ytimg.com/vi/L89yLlsT_ao/default.jpg,"['culturismo', 'alex hawkers', 'hills', 'joan pradells', 'alex hawkers joan pradells']",none,22,144492,4819,233,False,PT2H20S,false
AouayAOlAYA,Cenando Sushi con byCaLiTos en una tienda de Zapas! üëüüç£,"¬°No te pierdas este episodio especial de nuestro podcast! Nos unimos a byCaLiTos, el ic√≥nico influencer de moda espa√±ol, para una cena √≠ntima de sushi en la tienda de zapatillas NewCop. Descubre sus √∫ltimas tendencias, consejos de moda, y ¬°hasta los secretos detr√°s de su √©xito! üöÄ 

Echa un vistazo a las √∫ltimas novedades de NewCop en: https://newcop.com/
10% de Descuento con el c√≥digo OSCAR10

00:00 Inicio
02:57 Preguntas de ChatGPT
06:23 Por qu√© sigue viviendo con su madre
10:56 Carlos y el amor
15:37 Por qu√© empez√≥ a hacer contenido de moda
18:43 Por qu√© el contenido de Calitos es √∫nico
23:17 Enemigos de Carlos
36:38 La relaci√≥n con DIOR
41:33 C√≥mo Carlos se adentra en el mundo de las marcas de lujo
44:34 C√≥mo naci√≥ Scrapworld
01:01:41 La gratitud de los fans del podcast
01:06:14 la kings league y la relaci√≥n con el futbol de Carlos
01:10:53 la t√©cnica secreta de Carlos
01:16:03 Situaci√≥n del mundo de las sneakers y el poder de Kanye
01:25:48 ¬øExiste una formula para triunfar?
01:31:23 El contenido cansino del emprendimiento
01:45:01 D√≥nde se ve Carlos en unos a√±os
01:51:39 Las preguntas de la comunidad
02:00:01 La secci√≥n de explorar del Instagram de Carlos
02:02:46 Vlog comprando zapas

@alexhawkers
@aleksnchz
@oscsa
@bycalitos_official

Detr√°s de las camaras:

@bymarcopolo
@juandefrancia

Get Mount Everest by Labrinth and over 1M + mainstream tracks here https://go.lickd.co/Music

License ID: 8BQDPZYwQVw",2023-05-14T18:00:08Z,https://i.ytimg.com/vi/AouayAOlAYA/default.jpg,[],none,22,191233,6065,596,True,PT2H12M33S,false
86m6iKROqZ8,Cenando con Jorge Lorenzo: Rivales de Pista y Los Haters,"¬°Bienvenidos a un nuevo episodio de nuestro podcast! En esta ocasi√≥n, nos sumergimos en el mundo de la velocidad y la gastronom√≠a al cenar en Madrid con el legendario piloto de MotoGP, Jorge Lorenzo. Acomp√°√±anos mientras descubrimos los secretos detr√°s de su exitosa carrera, sus retos y triunfos en el mundo del motociclismo. Adem√°s, nos adentraremos en su pasi√≥n por la comida espa√±ola, mientras disfrutamos de deliciosos platos madrile√±os en un ambiente inigualable. ¬°No te lo pierdas! üèçÔ∏èüçΩÔ∏è

Si te gust√≥ este episodio, no olvides suscribirte y dejarnos un comentario compartiendo tu opini√≥n. ¬°Hasta el pr√≥ximo podcast! üéß

00:00 Inicio
02:33 C√≥mo naci√≥ la amistad con Jorge
06:55 C√≥mo naci√≥ el proyecto de Hawkers gracias a Jorge
13:42 El descuido de Jorge
16:13 Las virtudes de Jorge
22:10 Las rivalidades de Jorge en el circuito y fuera de el
26:09 La chuler√≠a en los deportes
33:12 La tragedia de Marco Simoncelli
41:15 La rivalidad con Valentino Rossi
42:18 Los mayores rivales a nivel psicol√≥gico de Jorge
44:05 El peor momento de la carrera de Jorge
53:30 A qu√© se dedica actualmente Jorge
59:06 La importancia del dinero
01:02:27 Los planes a futuro de Jorge
01:10:52 La creaci√≥n de Hawkers
01:23:10 El por qu√© Jorge ha preferido sentar cabeza
01:25:20 Posible biopic de Jorge Lorenzo
01:27:36 La importancia de la salud para Jorge
01:33:43 Jorge y la relaci√≥n con los haters
01:44:12 Como vivi√≥ Jorge el √©xito de Hawkers 
01:51:23 Las preguntas de Chat GPT 
01:56:30 La casa de Jorge Lorenzo 
02:01:00 Final

@alexhawkers
@aleksnchz
@oscsa
@jorgelorenzo99

Detr√°s de las camaras:
@bymarcopolo
@juandefrancia

Get Mount Everest by Labrinth and over 1M + mainstream tracks here https://go.lickd.co/Music

License ID: 8BQDPZYwQVw",2023-05-08T18:57:54Z,https://i.ytimg.com/vi/86m6iKROqZ8/default.jpg,[],none,22,185191,3889,317,True,PT2H5M43S,false
Rq2Ot3RGbDo,Peque√±o Nicol√°s: La Verdad Detr√°s del Personaje,"En este episodio de nuestro podcast, nos adentramos en el mundo del misterio y la opulencia con Francisco Nicol√°s G√≥mez Iglesias, tambi√©n conocido como el Peque√±o Nicol√°s. √önete a nosotros mientras cenamos en un exclusivo restaurante de Madrid, descubriendo sus secretos mejor guardados, an√©cdotas impactantes y c√≥mo ha logrado mantenerse en el centro de atenci√≥n a pesar de las adversidades. ¬°No querr√°s perderte este encuentro lleno de sorpresas y revelaciones!

00:00 Inicio
02:04 Las 10 preguntas de Chat GPT para el Peque√±o Nicolas
02:45 ¬øQu√© impulso a Francisco a hacer todo lo que hizo?
06:48 C√≥mo ha lidiado Nicol√°s con la presi√≥n medi√°tica
19:18 Las estrategias de networking del Peque√±o Nicolas
22:22 Como ha afectado a Nicolas todo lo sucedido en el √°mbito profesional
28:44 El sue√±o de Nicolas
31:29 Por qu√© Espa√±a no avanza como pa√≠s
45:36 ¬øEn qu√© restaurante est√°n comiendo hoy?
49:27 Qu√© le parece la Kings League a Nicol√°s
52:43 La gran mentira de las estad√≠sticas
56:45 De qu√© equipo es Nicol√°s
59:51 Alex y su NO a las drogas
01:02:19 C√≥mo conocieron a Nicolas
01:04:28 A qu√© se dedica Francisco
01:19:58 Consejos de Nicolas para hacer contactos
01:25:49 Los problemas de Nicol√°s (excesos, bebida, mala alimentaci√≥n, ira, etc.)
01:37:19 C√≥mo se ve Nicol√°s en un futuro
01:54:03 El proximo invitado
01:56:09 Despedida

@alexhawkers
@aleksnchz
@oscsa
@fnicolasgi

Detr√°s de las camaras:

@bymarcopolo
@juandefrancia

Get Mount Everest by Labrinth and over 1M + mainstream tracks here https://go.lickd.co/Music

License ID: DVWNo2m0dq5",2023-04-30T18:37:23Z,https://i.ytimg.com/vi/Rq2Ot3RGbDo/default.jpg,[],none,22,293022,5959,515,True,PT1H56M5S,false
uDf-wA3LtBM,Nil Ojeda en el Desierto: La Historia Del Mejor Creador de Contenido Del Momento,"Bienvenidos a otro episodio de nuestro podcast, donde nos sumergimos en la vida y experiencias del famoso streamer Nil Ojeda. √önete a nosotros en este lujoso Airbnb situado en Granada, una ciudad llena de historia y cultura. Descubre c√≥mo Nil ha logrado conquistar el mundo del streaming mientras disfrutamos de la belleza y el encanto de este exclusivo alojamiento. ¬°No te pierdas este episodio lleno de risas, aprendizajes y, por supuesto, mucha diversi√≥n con Nil Ojeda!

@alexhawkers
@aleksnchz
@oscsa
@nilojeda

Detr√°s de las camaras:

@bymarcopolo
@juandefrancia

Get Mount Everest by Labrinth and over 1M + mainstream tracks here https://go.lickd.co/Music

License ID: J8xGM5VwNoz",2023-04-23T18:00:20Z,https://i.ytimg.com/vi/uDf-wA3LtBM/default.jpg,[],none,22,421150,15943,906,True,PT1H51M34S,false
ulrVQF4wJjQ,Alcasec en Ibiza: Descubriendo los Secretos del Hacker Espa√±ol que Cambi√≥ el Juego,"üî•üå¥ ¬°Bienvenidos a un episodio especial de nuestro podcast, transmitido en vivo desde la paradis√≠aca isla de Ibiza! En esta edici√≥n, nos sumergimos en el mundo de la ciberseguridad y la pirater√≠a inform√°tica con nuestro invitado estrella: Alcasec, el joven y prodigioso hacker espa√±ol que tanto ruido causa.

Alcasec es conocido por su destreza en el hacking y por haberse infiltrado en sistemas de grandes corporaciones y gobiernos. En este episodio, Alcasec nos revela c√≥mo comenz√≥ en el mundo del hacking, sus motivaciones y su experiencia en diferentes prisiones. üéØüíª

Abordamos temas como la √©tica en la ciberseguridad, las consecuencias de sus acciones y el futuro de la privacidad en la era digital. Adem√°s, Alcasec nos brinda valiosos consejos sobre c√≥mo proteger nuestra informaci√≥n en l√≠nea y nos comparte su visi√≥n sobre el futuro de la ciberseguridad. üõ°Ô∏èüåê

¬°No te pierdas esta oportunidad √∫nica de conocer al hombre detr√°s de la noticia y adentrarte en la mente de uno de los hackers m√°s talentosos de nuestra era! Recuerda suscribirte a nuestro canal para estar al tanto de futuros episodios. ¬°Hasta la pr√≥xima! üéßüì≤

00:00 Inicio
02:15 Los inicios de Alcasec
03:40 Hackeo a la Polic√≠a Nacional
18:00 La 2¬™ detenci√≥n de Alca
33:18 La importancia de la Ciberseguridad
39:00 La figura de hacker en Espa√±a
46:15 Las herramientas de testeo
49:25 La ciberseguridad en Espa√±a
54:57 El futuro de la Inteligencia Artificial
58:12 Computaci√≥n cu√°ntica 
01:01:40 Recomendaciones de ciberseguridad 
01:10:37 Alca cuenta por qu√© prefiere seguir un camino hacia lo legal
01:22:12 El Hackeo es algo que no se va a poder detener
01:29:14 Alca cuenta una an√©cdota de su infancia
01:33:21 ¬øD√≥nde se ve Alcaset en 10 a√±os?
01:38:56 Cierre y Pr√≥ximos Invitados

@alexhawkers
@aleksnchz
@oscsa
@alcasec 

Agradecimientos a @roto por dejarnos grabar.

Detr√°s de las camaras:

@bymarcopolo
@juandefrancia

Get Mount Everest by Labrinth and over 1M + mainstream tracks here https://go.lickd.co/Music

License ID: maOp3m9RENA",2023-04-11T19:50:19Z,https://i.ytimg.com/vi/ulrVQF4wJjQ/default.jpg,[],none,22,1179006,19887,1388,True,PT1H47M9S,false
AGjJCDzJqbs,"Comiendo Caviar con KIDD KEO:¬†Sin Filtros sobre Censura, Redes Sociales y su Camino en la M√∫sica","üéôÔ∏èüá¨üá∑üçΩÔ∏è ¬°Bienvenidos a este episodio exclusivo de nuestro podcast! Hoy, nos sumergimos en un banquete griego lleno de sabor y cultura en el aclamado restaurante Milo's, ubicado en el coraz√≥n de Londres. Acomp√°√±anos en esta experiencia culinaria √∫nica mientras compartimos mesa con Kidd Keo, el fen√≥meno del trap espa√±ol que ha conquistado el mundo con sus ritmos y letras provocadoras. üåü

Kidd Keo es un artista valenciano que ha revolucionado la escena del trap en Espa√±a y Latinoam√©rica. Con √©xitos como ""Dracukeo"" y ""Foreign"", Keo se ha posicionado como uno de los referentes del g√©nero, acumulando millones de reproducciones y seguidores en todo el mundo. üé∂üåé

En este episodio, no solo descubriremos los secretos detr√°s de la m√∫sica de Kidd Keo, sino que tambi√©n exploraremos su lado m√°s personal y humano. A lo largo de la comida, conversaremos sobre la censura en redes sociales, la evoluci√≥n de su carrera y sus planes a futuro, mientras degustamos deliciosos platos griegos. üç¢ü•óüç∞

No te pierdas este encuentro √≠ntimo con Kidd Keo en un ambiente relajado y lleno de sabor. ¬°Dale play y acomp√°√±anos en este viaje gastron√≥mico y musical! üéßü•Çüî•

Suscr√≠bete a nuestro canal para no perderte ninguno de nuestros emocionantes episodios de podcast y otros contenidos incre√≠bles. ¬°Deja tus comentarios aqu√≠ abajo, y no olvides darle un gran üëç si disfrutaste de este episodio! üôå

00:00 Inicio
04:00 ¬øC√≥mo surgi√≥ el podcast?
05:18 ¬øPor qu√© Keo elimino su perfil de Instagram?
13:15 El Dilema de las redes sociales
23:12  Twitch y la libertad que ofrece
26:10 C√≥mo el equipo y Keo se conocieron
34:54 Viaje y grabaci√≥n de ONE MILLION de Kidd Keo
52:06 Keo habla sobre su novia y lo que significa para √©l
01:14:14 El doble rasero de la m√∫sica en Espa√±a
01:32:16 El trap ha muerto en Espa√±a
01:37:25 ¬øC√≥mo se escuchan los √°lbumes ahora?
01:39:56 COLORS de Kidd keo
01:40:55  Cu√°l es la Plataforma n¬∫1 para un artista 
01:42:26 Kidd Keo habla de Twitch y como se puede expresar all√≠
01:58:47 Shadow-ban a keo
02:01:42 Kidd Keo habla de lo que transmite su m√∫sica
02:05:40 Evoluci√≥n de Keo
02:11:23 El primer p0rro de Alex Hawkers
02:18:12 Experiencia Kidd Keo despu√©s de dejar la marihuana
02:32:56 Cierre y Pr√≥ximos Invitados

@alexhawkers
@aleksnchz
@oscsa
@thekiddkeo

Detr√°s de las camaras:

@bymarcopolo
@juandefrancia

Get Mount Everest by Labrinth and over 1M + mainstream tracks here https://go.lickd.co/Music

License ID: Jp8Bmg9XP2Z

#KiddKeo #Podcast #Milos #RestauranteGriego #Londres #TrapEspa√±ol #EntrevistaExclusiva",2023-04-03T18:01:36Z,https://i.ytimg.com/vi/AGjJCDzJqbs/default.jpg,[],none,22,292805,5787,251,True,PT2H35M7S,false
0dbLensnXA4,"Cena Millonaria con Pep G√≥mez: Secretos de un Emprendedor de √âxito | Podcast en Cipriani, Londres üçùüíº","üöÄ ¬°Bienvenido al episodio m√°s delicioso y valioso de nuestro podcast! üçù En esta entrega, disfruta de una cena √≠ntima y exclusiva en el famoso restaurante italiano Cipriani en Londres mientras desentra√±amos los secretos detr√°s del √©xito de nuestro invitado estrella: el emprendedor y visionario Pep Gomez. Pep ha conquistado el mundo empresarial con dos ventas millonarias de empresas, y hoy nos comparte sus aprendizajes y consejos m√°s valiosos. üéôÔ∏èü•Ç

En este episodio, descubrir√°s:
üîπ C√≥mo Pep comenz√≥ su viaje como emprendedor y las lecciones que aprendi√≥ en el camino.
üîπ Las claves del √©xito en el mundo empresarial y c√≥mo lograr ventas millonarias.
üîπ Consejos y estrategias para identificar oportunidades de negocio y crear empresas de alto impacto.
üîπ La importancia de la perseverancia, la adaptabilidad y la pasi√≥n en el camino hacia el √©xito.
üîπ Y, por supuesto, nuestras deliciosas opciones de men√∫ en Cipriani, uno de los restaurantes italianos m√°s emblem√°ticos de Londres.

No te pierdas esta oportunidad √∫nica de aprender de un maestro del emprendimiento mientras degustamos los exquisitos sabores de Italia. üáÆüáπ Si eres un entusiasta del emprendimiento o simplemente deseas inspirarte para tu pr√≥ximo gran proyecto, ¬°este episodio es para ti! üí°üåü

Suscr√≠bete a nuestro canal para no perderte ninguno de nuestros emocionantes episodios de podcast y otros contenidos incre√≠bles. ¬°Deja tus comentarios y preguntas para Pep aqu√≠ abajo, y no olvides darle un gran üëç si disfrutaste de este episodio! üôå

0:00 Intro
0:45 C√≥mo Surge la Idea de Crear Este podcast
5:31 Qui√©n es Pep G√≥mez
8:38 C√≥mo Comienza Pep a emprender
11:08 C√≥mo era Silicon Valley en 2008
13:10 C√≥mo Consigui√≥ Hawkers Patrocinar a Los √Ångeles Lakers
21:25 C√≥mo Empez√≥ el Proyecto de Fever
33:50 El D√≠a que Pep Conoci√≥ al Alcalde de Nueva York
34:36 C√≥mo Empieza a Coger Tracci√≥n Fever
35:38 Qu√© Es un Spac
39:06 Esta era la Estrategia que Segu√≠an en Reby
42:18 C√≥mo Sale Pep de Reby
45:07 Qu√© va a Hacer Ahora Pep |¬†Parte 1
54:22 C√≥mo Descubri√≥ Alex el Restaurante Cipriani
58:17 Qu√© va a Hacer Ahora Pep | Parte 2
1:11:47 Opiniones y Teor√≠as sobre Posicionamiento, Venta e Inversi√≥n de Startups
1:34:41 Cierre y Pr√≥ximos Invitados

@alexhawkers
@aleksnchz
@oscsa
@pepgomez

Detr√°s de las camaras:

@bymarcopolo
@juandefrancia

(Descripci√≥n realizada por Mr. ChatGPT)",2023-03-28T18:05:56Z,https://i.ytimg.com/vi/0dbLensnXA4/default.jpg,[],none,22,72583,1674,148,True,PT1H43M20S,false
